Nodetype,Name,propertiesMap
BoxVolume,box_volume_1,"[""name"",""type""]"
BoxyShape,shape_large_gear_parts_tray,"[""hasBoxyShape_Length"",""hasBoxyShape_Height"",""hasBoxyShape_HasTop"",""type"",""hasBoxyShape_Width"",""name"",""hasShapeDesign_Description""]"
BoxyShape,shape_fanuc_cart,"[""hasBoxyShape_HasTop"",""hasBoxyShape_Length"",""hasShapeDesign_Description"",""hasBoxyShape_Width"",""hasBoxyShape_Height"",""name"",""type""]"
BoxyShape,shape_medium_gear_parts_tray,"[""hasBoxyShape_Length"",""hasBoxyShape_Height"",""hasBoxyShape_HasTop"",""type"",""hasBoxyShape_Width"",""name"",""hasShapeDesign_Description""]"
BoxyShape,shape_kit_tray_m2l1,"[""hasBoxyShape_Length"",""hasBoxyShape_Height"",""hasBoxyShape_HasTop"",""type"",""hasBoxyShape_Width"",""name"",""hasShapeDesign_Description""]"
Class,PartsVessel,"[""name""]"
Class,VacuumEffectorSingleGrasp,"[""name""]"
Class,PhysicalLocation,"[""name""]"
Class,Robot,"[""name""]"
Class,SolidObject,"[""name""]"
Class,LargeContainer,"[""name""]"
Class,LargeBoxWithPartsTrays,"[""name""]"
Class,InternalShape,"[""name""]"
Class,VacuumEffector,"[""name""]"
Class,EndEffectorGrasp,"[""name""]"
Class,LargeBoxWithEmptyVessels,"[""name""]"
Class,VacuumEffectorSingleCup,"[""name""]"
Class,PartsTray,"[""name""]"
Class,PoseLocationIn,"[""name""]"
Class,PartsBin,"[""name""]"
Class,PartRefAndPose,"[""name""]"
Class,VacuumEffectorMultiCup,"[""name""]"
Class,EndEffector,"[""name""]"
Class,RelativeLocationOn,"[""name""]"
Class,ParallelGripperGrasp,"[""name""]"
Class,GripperParallel,"[""name""]"
Class,TwoJawsGrasp,"[""name""]"
Class,MechanicalComponent,"[""name""]"
Class,RelativeLocationIn,"[""name""]"
Class,EndEffectorChangingStation,"[""name""]"
Class,GripperEffector,"[""name""]"
Class,MarkingLayout,"[""name""]"
Class,Pose,"[""name""]"
Class,DataThing,"[""name""]"
Class,StockKeepingUnit,"[""name""]"
Class,Slot,"[""name""]"
Class,KittingWorkstation,"[""name""]"
Class,BoxyShape,"[""name""]"
Class,ShapeDesign,"[""name""]"
Class,EndEffectorHolder,"[""name""]"
Class,Part,"[""name""]"
Class,GripperThreeFinger,"[""name""]"
Class,NoSkuObject,"[""name""]"
Class,Vector,"[""name""]"
Class,GripperOther,"[""name""]"
Class,GripperTwoJaws,"[""name""]"
Class,PoseOnlyLocation,"[""name""]"
Class,PartsTrayDesign,"[""name""]"
Class,ThreeFingerGrasp,"[""name""]"
Class,Point,"[""name""]"
Class,BoxVolume,"[""name""]"
Class,PoseTolerance,"[""name""]"
Class,ExternalShape,"[""name""]"
Class,SkuObject,"[""name""]"
Class,OtherGripperGrasp,"[""name""]"
Class,Marking,"[""name""]"
Class,PoseLocation,"[""name""]"
Class,WorkTable,"[""name""]"
Class,Human,"[""name""]"
Class,MarkingModel,"[""name""]"
Class,PoseLocationOn,"[""name""]"
Class,CylindricalShape,"[""name""]"
Class,Polygon2D,"[""name""]"
CylindricalShape,shape_part_large_gear,"[""hasCylindricalShape_Diameter"",""hasCylindricalShape_HasTop"",""hasShapeDesign_Description"",""type"",""hasCylindricalShape_Height"",""name""]"
CylindricalShape,shape_part_medium_gear,"[""hasCylindricalShape_Diameter"",""hasCylindricalShape_HasTop"",""hasShapeDesign_Description"",""type"",""hasCylindricalShape_Height"",""name""]"
ExternalShape,external_shape_part_large_gear,"[""hasExternalShape_ModelFileName"",""hasExternalShape_ModelFormatName"",""type"",""hasShapeDesign_Description"",""name""]"
ExternalShape,external_shape_part_medium_gear,"[""hasExternalShape_ModelFileName"",""hasExternalShape_ModelFormatName"",""type"",""hasShapeDesign_Description"",""name""]"
ExternalShape,external_shape_medium_gear_vessel,"[""hasExternalShape_ModelFileName"",""hasExternalShape_ModelFormatName"",""type"",""hasShapeDesign_Description"",""name""]"
ExternalShape,external_shape_large_gear_vessel,"[""hasExternalShape_ModelFileName"",""hasExternalShape_ModelFormatName"",""type"",""hasShapeDesign_Description"",""name""]"
ExternalShape,external_shape_kit_m2l1,"[""hasExternalShape_ModelFileName"",""hasExternalShape_ModelFormatName"",""type"",""hasShapeDesign_Description"",""name""]"
GripperTwoJaws,part_gripper,"[""hasEndEffector_Description"",""hasNoSkuObject_Weight"",""hasEndEffector_MaximumLoadWeight"",""name"",""type""]"
KittingWorkstation,fanuc_workstation,"[""hasKittingWorkstation_AngleUnit"",""hasKittingWorkstation_WeightUnit"",""hasKittingWorkstation_LengthUnit"",""name"",""type""]"
Part,empty_slot_for_large_gear_in_large_gear_vessel_2,"[""name"",""visioncycle""]"
Part,empty_slot_1_for_large_gear_in_kit_m2l1_vessel_1,"[""name"",""visioncycle""]"
Part,part_large_gear_3,"[""name"",""visioncycle""]"
Part,part_large_gear_in_pt_2,"[""name"",""visioncycle""]"
Part,empty_slot_1_for_medium_gear_in_kit_m2l1_vessel_2,"[""name"",""visioncycle""]"
Part,empty_slot_for_medium_gear_in_medium_gear_vessel_1,"[""name"",""visioncycle""]"
Part,empty_slot_2_for_medium_gear_in_kit_m2l1_vessel_1,"[""name"",""visioncycle""]"
Part,part_medium_gear_in_kt_3,"[""name"",""visioncycle""]"
Part,part_medium_gear_2,"[""type"",""hasPart_SerialNumber"",""name"",""visioncycle""]"
Part,part_medium_gear_in_pt_1,"[""name"",""visioncycle""]"
Part,empty_slot_for_medium_gear_in_medium_gear_vessel_4,"[""name"",""visioncycle""]"
Part,part_medium_gear_in_pt_4,"[""name"",""visioncycle""]"
Part,empty_slot_for_large_gear_in_large_gear_vessel_1,"[""name"",""visioncycle""]"
Part,part_large_gear_in_pt_1,"[""name"",""visioncycle""]"
Part,part_medium_gear_1,"[""type"",""hasPart_SerialNumber"",""name"",""visioncycle""]"
Part,part_large_gear_2,"[""type"",""hasPart_SerialNumber"",""name"",""visioncycle""]"
Part,part_medium_gear_in_kt_2,"[""name"",""visioncycle""]"
Part,part_medium_gear_4,"[""type"",""hasPart_SerialNumber"",""name"",""visioncycle""]"
Part,empty_slot_for_medium_gear_in_medium_gear_vessel_3,"[""name"",""visioncycle""]"
Part,part_medium_gear_in_pt_3,"[""name"",""visioncycle""]"
Part,part_large_gear_in_kt_2,"[""name"",""visioncycle""]"
Part,empty_slot_1_for_medium_gear_in_kit_m2l1_vessel_1,"[""name"",""visioncycle""]"
Part,empty_slot_1_for_large_gear_in_kit_m2l1_vessel_2,"[""name"",""visioncycle""]"
Part,part_large_gear_1,"[""type"",""hasPart_SerialNumber"",""name"",""visioncycle""]"
Part,part_medium_gear_in_kt_1,"[""name"",""visioncycle""]"
Part,part_medium_gear_3,"[""type"",""hasPart_SerialNumber"",""name"",""visioncycle""]"
Part,part_medium_gear_in_kt_4,"[""name"",""visioncycle""]"
Part,empty_slot_for_medium_gear_in_medium_gear_vessel_2,"[""name"",""visioncycle""]"
Part,empty_slot_2_for_medium_gear_in_kit_m2l1_vessel_2,"[""name"",""visioncycle""]"
Part,part_medium_gear_in_pt_2,"[""name"",""visioncycle""]"
Part,part_large_gear_in_kt_1,"[""name"",""visioncycle""]"
PartRefAndPose,part_ref_and_pose_medium_gear_vessel_mg_2,"[""name"",""type""]"
PartRefAndPose,part_ref_and_pose_kit_m2l1_vessel_mg_1,"[""name"",""type""]"
PartRefAndPose,part_ref_and_pose_large_gear_vessel_lg_2,"[""name"",""type""]"
PartRefAndPose,part_ref_and_pose_large_gear_vessel_lg_1,"[""name"",""type""]"
PartRefAndPose,part_ref_and_pose_medium_gear_vessel_mg_1,"[""name"",""type""]"
PartRefAndPose,part_ref_and_pose_medium_gear_vessel_mg_4,"[""name"",""type""]"
PartRefAndPose,part_ref_and_pose_kit_m2l1_vessel_lg_1,"[""name"",""type""]"
PartRefAndPose,part_ref_and_pose_kit_m2l1_vessel_mg_2,"[""name"",""type""]"
PartRefAndPose,part_ref_and_pose_medium_gear_vessel_mg_3,"[""name"",""type""]"
PartsTray,large_gear_vessel_1,"[""visioncycle"",""hasPartsTray_Complete"",""type"",""hasPartsVessel_SerialNumber"",""name""]"
PartsTray,kit_m2l1_vessel_2,"[""visioncycle"",""hasPartsTray_Complete"",""type"",""hasPartsVessel_SerialNumber"",""name""]"
PartsTray,medium_gear_vessel_1,"[""visioncycle"",""hasPartsTray_Complete"",""type"",""hasPartsVessel_SerialNumber"",""name""]"
PartsTray,kit_m2l1_vessel_1,"[""visioncycle"",""hasPartsTray_Complete"",""type"",""hasPartsVessel_SerialNumber"",""name""]"
PartsTrayDesign,part_large_gear_vessel_design,"[""type"",""name""]"
PartsTrayDesign,part_medium_gear_vessel_design,"[""type"",""name""]"
PartsTrayDesign,kit_m2l1_vessel_design,"[""type"",""name""]"
Point,point_max,"[""hasPoint_Z"",""hasPoint_Y"",""hasPoint_X"",""name"",""type""]"
Point,kit_m2l1_point_2,"[""hasPoint_X"",""hasPoint_Z"",""type"",""hasPoint_Y"",""name"",""visioncycle""]"
Point,robot_point,"[""hasPoint_Z"",""hasPoint_Y"",""hasPoint_X"",""name"",""type""]"
Point,point_part_medium_gear_vessel_mg_2,"[""hasPoint_X"",""hasPoint_Z"",""type"",""hasPoint_Y"",""name""]"
Point,point_kit_m2l1_vessel_mg_2,"[""hasPoint_X"",""hasPoint_Z"",""type"",""hasPoint_Y"",""name""]"
Point,part_medium_gear_1_point,"[""hasPoint_X"",""hasPoint_Z"",""type"",""hasPoint_Y"",""name"",""visioncycle""]"
Point,kit_m2l1_point_1,"[""hasPoint_X"",""hasPoint_Z"",""type"",""hasPoint_Y"",""name"",""visioncycle""]"
Point,fanuc_cart_point,"[""hasPoint_Z"",""hasPoint_Y"",""hasPoint_X"",""name"",""type""]"
Point,part_large_gear_1_point,"[""hasPoint_X"",""hasPoint_Z"",""type"",""hasPoint_Y"",""name"",""visioncycle""]"
Point,point_part_large_gear_vessel_lg_2,"[""hasPoint_Z"",""hasPoint_X"",""type"",""hasPoint_Y"",""name""]"
Point,point_part_medium_gear_vessel_mg_1,"[""hasPoint_X"",""hasPoint_Z"",""type"",""hasPoint_Y"",""name""]"
Point,point_min,"[""hasPoint_Z"",""hasPoint_Y"",""hasPoint_X"",""name"",""type""]"
Point,point_kit_m2l1_vessel_mg_1,"[""hasPoint_X"",""hasPoint_Z"",""type"",""hasPoint_Y"",""name""]"
Point,point_part_medium_gear_vessel_mg_4,"[""hasPoint_X"",""hasPoint_Z"",""type"",""hasPoint_Y"",""name""]"
Point,part_medium_gear_4_point,"[""hasPoint_X"",""hasPoint_Z"",""type"",""hasPoint_Y"",""name"",""visioncycle""]"
Point,point_part_large_gear__vessel_lg_1,"[""hasPoint_Z"",""hasPoint_X"",""type"",""hasPoint_Y"",""name""]"
Point,part_medium_gear_3_point,"[""hasPoint_X"",""hasPoint_Z"",""type"",""hasPoint_Y"",""name"",""visioncycle""]"
Point,part_gripper_point,"[""hasPoint_X"",""hasPoint_Z"",""type"",""hasPoint_Y"",""name""]"
Point,point_part_medium_gear_vessel_mg_3,"[""hasPoint_X"",""hasPoint_Z"",""type"",""hasPoint_Y"",""name""]"
Point,,"[""hasPoint_X"",""hasPoint_Z"",""hasPoint_Y"",""visioncycle""]"
Point,,"[""hasPoint_X"",""hasPoint_Z"",""hasPoint_Y"",""visioncycle""]"
Point,,"[""hasPoint_X"",""hasPoint_Z"",""hasPoint_Y"",""visioncycle""]"
Point,,"[""hasPoint_X"",""hasPoint_Z"",""hasPoint_Y"",""visioncycle""]"
Point,,"[""hasPoint_X"",""hasPoint_Z"",""hasPoint_Y"",""visioncycle""]"
Point,,"[""hasPoint_X"",""hasPoint_Z"",""hasPoint_Y"",""visioncycle""]"
Point,,"[""hasPoint_X"",""hasPoint_Z"",""hasPoint_Y"",""visioncycle""]"
Point,,"[""hasPoint_X"",""hasPoint_Z"",""hasPoint_Y"",""visioncycle""]"
Point,,"[""hasPoint_X"",""hasPoint_Z"",""hasPoint_Y"",""visioncycle""]"
Point,,"[""hasPoint_X"",""hasPoint_Z"",""hasPoint_Y"",""visioncycle""]"
Point,,"[""hasPoint_X"",""hasPoint_Z"",""hasPoint_Y"",""visioncycle""]"
Point,,"[""hasPoint_X"",""hasPoint_Z"",""hasPoint_Y"",""visioncycle""]"
Point,,"[""hasPoint_X"",""hasPoint_Z"",""hasPoint_Y"",""visioncycle""]"
Point,,"[""hasPoint_X"",""hasPoint_Z"",""hasPoint_Y"",""visioncycle""]"
Point,,"[""hasPoint_X"",""hasPoint_Z"",""hasPoint_Y"",""visioncycle""]"
Point,,"[""hasPoint_X"",""hasPoint_Z"",""hasPoint_Y"",""visioncycle""]"
Point,,"[""hasPoint_X"",""hasPoint_Z"",""hasPoint_Y"",""visioncycle""]"
Point,,"[""hasPoint_X"",""hasPoint_Z"",""hasPoint_Y"",""visioncycle""]"
Point,,"[""hasPoint_X"",""hasPoint_Z"",""hasPoint_Y"",""visioncycle""]"
Point,,"[""hasPoint_X"",""hasPoint_Z"",""hasPoint_Y"",""visioncycle""]"
Point,,"[""hasPoint_X"",""hasPoint_Z"",""hasPoint_Y"",""visioncycle""]"
Point,,"[""hasPoint_X"",""hasPoint_Z"",""hasPoint_Y"",""visioncycle""]"
Point,,"[""hasPoint_X"",""hasPoint_Z"",""hasPoint_Y"",""visioncycle""]"
Point,,"[""hasPoint_X"",""hasPoint_Z"",""hasPoint_Y"",""visioncycle""]"
Point,,"[""hasPoint_X"",""hasPoint_Z"",""hasPoint_Y"",""visioncycle""]"
Point,,"[""hasPoint_X"",""hasPoint_Z"",""hasPoint_Y"",""visioncycle""]"
Point,,"[""hasPoint_X"",""hasPoint_Z"",""hasPoint_Y"",""visioncycle""]"
Point,,"[""hasPoint_X"",""hasPoint_Z"",""hasPoint_Y"",""visioncycle""]"
Point,,"[""hasPoint_X"",""hasPoint_Z"",""hasPoint_Y"",""visioncycle""]"
Point,,"[""hasPoint_X"",""hasPoint_Z"",""hasPoint_Y"",""visioncycle""]"
Point,,"[""hasPoint_X"",""hasPoint_Z"",""hasPoint_Y"",""visioncycle""]"
Point,,"[""hasPoint_X"",""hasPoint_Z"",""hasPoint_Y"",""visioncycle""]"
Point,,"[""hasPoint_X"",""hasPoint_Z"",""hasPoint_Y"",""visioncycle""]"
Point,,"[""hasPoint_X"",""hasPoint_Z"",""hasPoint_Y"",""visioncycle""]"
Point,,"[""hasPoint_X"",""hasPoint_Z"",""hasPoint_Y"",""visioncycle""]"
Point,,"[""hasPoint_X"",""hasPoint_Z"",""hasPoint_Y"",""visioncycle""]"
Point,,"[""hasPoint_X"",""hasPoint_Z"",""hasPoint_Y"",""visioncycle""]"
Point,,"[""hasPoint_X"",""hasPoint_Z"",""hasPoint_Y"",""visioncycle""]"
Point,,"[""hasPoint_X"",""hasPoint_Z"",""hasPoint_Y"",""visioncycle""]"
Point,,"[""hasPoint_X"",""hasPoint_Z"",""hasPoint_Y"",""visioncycle""]"
Point,,"[""hasPoint_X"",""hasPoint_Z"",""hasPoint_Y"",""visioncycle""]"
Point,,"[""hasPoint_X"",""hasPoint_Z"",""hasPoint_Y"",""visioncycle""]"
Point,,"[""hasPoint_X"",""hasPoint_Z"",""hasPoint_Y"",""visioncycle""]"
Point,,"[""hasPoint_X"",""hasPoint_Z"",""hasPoint_Y"",""visioncycle""]"
Point,,"[""hasPoint_X"",""hasPoint_Z"",""hasPoint_Y"",""visioncycle""]"
Point,,"[""hasPoint_X"",""hasPoint_Z"",""hasPoint_Y"",""visioncycle""]"
Point,,"[""hasPoint_X"",""hasPoint_Z"",""hasPoint_Y"",""visioncycle""]"
Point,,"[""hasPoint_X"",""hasPoint_Z"",""hasPoint_Y"",""visioncycle""]"
Point,,"[""hasPoint_X"",""hasPoint_Z"",""hasPoint_Y"",""visioncycle""]"
Point,,"[""hasPoint_X"",""hasPoint_Z"",""hasPoint_Y"",""visioncycle""]"
Point,,"[""hasPoint_X"",""hasPoint_Z"",""hasPoint_Y"",""visioncycle""]"
Point,,"[""hasPoint_X"",""hasPoint_Z"",""hasPoint_Y"",""visioncycle""]"
Point,,"[""hasPoint_X"",""hasPoint_Z"",""hasPoint_Y"",""visioncycle""]"
Point,,"[""hasPoint_X"",""hasPoint_Z"",""hasPoint_Y"",""visioncycle""]"
Point,,"[""hasPoint_X"",""hasPoint_Z"",""hasPoint_Y"",""visioncycle""]"
Point,,"[""hasPoint_X"",""hasPoint_Z"",""hasPoint_Y"",""visioncycle""]"
Point,,"[""hasPoint_X"",""hasPoint_Z"",""hasPoint_Y"",""visioncycle""]"
Point,,"[""hasPoint_X"",""hasPoint_Z"",""hasPoint_Y"",""visioncycle""]"
Point,,"[""hasPoint_X"",""hasPoint_Z"",""hasPoint_Y"",""visioncycle""]"
Point,,"[""hasPoint_X"",""hasPoint_Z"",""hasPoint_Y"",""visioncycle""]"
Point,,"[""hasPoint_X"",""hasPoint_Z"",""hasPoint_Y"",""visioncycle""]"
Point,,"[""hasPoint_X"",""hasPoint_Z"",""hasPoint_Y"",""visioncycle""]"
Point,,"[""hasPoint_X"",""hasPoint_Z"",""hasPoint_Y"",""visioncycle""]"
Point,,"[""hasPoint_X"",""hasPoint_Z"",""hasPoint_Y"",""visioncycle""]"
Point,,"[""hasPoint_X"",""hasPoint_Z"",""hasPoint_Y"",""visioncycle""]"
Point,,"[""hasPoint_X"",""hasPoint_Z"",""hasPoint_Y"",""visioncycle""]"
Point,,"[""hasPoint_X"",""hasPoint_Z"",""hasPoint_Y"",""visioncycle""]"
Point,,"[""hasPoint_X"",""hasPoint_Z"",""hasPoint_Y"",""visioncycle""]"
Point,,"[""hasPoint_X"",""hasPoint_Z"",""hasPoint_Y"",""visioncycle""]"
Point,,"[""hasPoint_X"",""hasPoint_Z"",""hasPoint_Y"",""visioncycle""]"
Point,,"[""hasPoint_X"",""hasPoint_Z"",""hasPoint_Y"",""visioncycle""]"
Point,,"[""hasPoint_X"",""hasPoint_Z"",""hasPoint_Y"",""visioncycle""]"
Point,,"[""hasPoint_X"",""hasPoint_Z"",""hasPoint_Y"",""visioncycle""]"
Point,,"[""hasPoint_X"",""hasPoint_Z"",""hasPoint_Y"",""visioncycle""]"
Point,,"[""hasPoint_X"",""hasPoint_Z"",""hasPoint_Y"",""visioncycle""]"
Point,,"[""hasPoint_X"",""hasPoint_Z"",""hasPoint_Y"",""visioncycle""]"
Point,,"[""hasPoint_X"",""hasPoint_Z"",""hasPoint_Y"",""visioncycle""]"
Point,,"[""hasPoint_X"",""hasPoint_Z"",""hasPoint_Y"",""visioncycle""]"
Point,,"[""hasPoint_X"",""hasPoint_Z"",""hasPoint_Y"",""visioncycle""]"
Point,,"[""hasPoint_X"",""hasPoint_Z"",""hasPoint_Y"",""visioncycle""]"
Point,,"[""hasPoint_X"",""hasPoint_Z"",""hasPoint_Y"",""visioncycle""]"
Point,,"[""hasPoint_X"",""hasPoint_Z"",""hasPoint_Y"",""visioncycle""]"
Point,,"[""hasPoint_X"",""hasPoint_Z"",""hasPoint_Y"",""visioncycle""]"
Point,,"[""hasPoint_X"",""hasPoint_Z"",""hasPoint_Y"",""visioncycle""]"
Point,,"[""hasPoint_X"",""hasPoint_Z"",""hasPoint_Y"",""visioncycle""]"
Point,,"[""hasPoint_X"",""hasPoint_Z"",""hasPoint_Y"",""visioncycle""]"
Point,,"[""hasPoint_X"",""hasPoint_Z"",""hasPoint_Y"",""visioncycle""]"
Point,,"[""hasPoint_X"",""hasPoint_Z"",""hasPoint_Y"",""visioncycle""]"
Point,,"[""hasPoint_X"",""hasPoint_Z"",""hasPoint_Y"",""visioncycle""]"
Point,,"[""hasPoint_X"",""hasPoint_Z"",""hasPoint_Y"",""visioncycle""]"
Point,,"[""hasPoint_X"",""hasPoint_Z"",""hasPoint_Y"",""visioncycle""]"
Point,,"[""hasPoint_X"",""hasPoint_Z"",""hasPoint_Y"",""visioncycle""]"
Point,,"[""hasPoint_X"",""hasPoint_Z"",""hasPoint_Y"",""visioncycle""]"
Point,,"[""hasPoint_X"",""hasPoint_Z"",""hasPoint_Y"",""visioncycle""]"
Point,,"[""hasPoint_X"",""hasPoint_Z"",""hasPoint_Y"",""visioncycle""]"
Point,,"[""hasPoint_X"",""hasPoint_Z"",""hasPoint_Y"",""visioncycle""]"
Point,,"[""hasPoint_X"",""hasPoint_Z"",""hasPoint_Y"",""visioncycle""]"
Point,,"[""hasPoint_X"",""hasPoint_Z"",""hasPoint_Y"",""visioncycle""]"
Point,,"[""hasPoint_X"",""hasPoint_Z"",""hasPoint_Y"",""visioncycle""]"
Point,,"[""hasPoint_X"",""hasPoint_Z"",""hasPoint_Y"",""visioncycle""]"
Point,,"[""hasPoint_X"",""hasPoint_Z"",""hasPoint_Y"",""visioncycle""]"
Point,,"[""hasPoint_X"",""hasPoint_Z"",""hasPoint_Y"",""visioncycle""]"
Point,,"[""hasPoint_X"",""hasPoint_Z"",""hasPoint_Y"",""visioncycle""]"
Point,,"[""hasPoint_X"",""hasPoint_Z"",""hasPoint_Y"",""visioncycle""]"
Point,,"[""hasPoint_X"",""hasPoint_Z"",""hasPoint_Y"",""visioncycle""]"
Point,,"[""hasPoint_X"",""hasPoint_Z"",""hasPoint_Y"",""visioncycle""]"
Point,,"[""hasPoint_X"",""hasPoint_Z"",""hasPoint_Y"",""visioncycle""]"
Point,,"[""hasPoint_X"",""hasPoint_Z"",""hasPoint_Y"",""visioncycle""]"
Point,,"[""hasPoint_X"",""hasPoint_Z"",""hasPoint_Y"",""visioncycle""]"
Point,,"[""hasPoint_X"",""hasPoint_Z"",""hasPoint_Y"",""visioncycle""]"
Point,,"[""hasPoint_X"",""hasPoint_Z"",""hasPoint_Y"",""visioncycle""]"
Point,,"[""hasPoint_X"",""hasPoint_Z"",""hasPoint_Y"",""visioncycle""]"
Point,,"[""hasPoint_X"",""hasPoint_Z"",""hasPoint_Y"",""visioncycle""]"
Point,,"[""hasPoint_X"",""hasPoint_Z"",""hasPoint_Y"",""visioncycle""]"
Point,,"[""hasPoint_X"",""hasPoint_Z"",""hasPoint_Y"",""visioncycle""]"
Point,,"[""hasPoint_X"",""hasPoint_Z"",""hasPoint_Y"",""visioncycle""]"
Point,,"[""hasPoint_X"",""hasPoint_Z"",""hasPoint_Y"",""visioncycle""]"
Point,,"[""hasPoint_X"",""hasPoint_Z"",""hasPoint_Y"",""visioncycle""]"
Point,,"[""hasPoint_X"",""hasPoint_Z"",""hasPoint_Y"",""visioncycle""]"
Point,,"[""hasPoint_X"",""hasPoint_Z"",""hasPoint_Y"",""visioncycle""]"
Point,,"[""hasPoint_X"",""hasPoint_Z"",""hasPoint_Y"",""visioncycle""]"
Point,,"[""hasPoint_X"",""hasPoint_Z"",""hasPoint_Y"",""visioncycle""]"
Point,,"[""hasPoint_X"",""hasPoint_Z"",""hasPoint_Y"",""visioncycle""]"
Point,,"[""hasPoint_X"",""hasPoint_Z"",""hasPoint_Y"",""visioncycle""]"
Point,,"[""hasPoint_X"",""hasPoint_Z"",""hasPoint_Y"",""visioncycle""]"
Point,,"[""hasPoint_X"",""hasPoint_Z"",""hasPoint_Y"",""visioncycle""]"
Point,,"[""hasPoint_X"",""hasPoint_Z"",""hasPoint_Y"",""visioncycle""]"
Point,,"[""hasPoint_X"",""hasPoint_Z"",""hasPoint_Y"",""visioncycle""]"
Point,,"[""hasPoint_X"",""hasPoint_Z"",""hasPoint_Y"",""visioncycle""]"
Point,,"[""hasPoint_X"",""hasPoint_Z"",""hasPoint_Y"",""visioncycle""]"
Point,,"[""hasPoint_X"",""hasPoint_Z"",""hasPoint_Y"",""visioncycle""]"
Point,,"[""hasPoint_X"",""hasPoint_Z"",""hasPoint_Y"",""visioncycle""]"
Point,,"[""hasPoint_X"",""hasPoint_Z"",""hasPoint_Y"",""visioncycle""]"
Point,,"[""hasPoint_X"",""hasPoint_Z"",""hasPoint_Y"",""visioncycle""]"
Point,,"[""hasPoint_X"",""hasPoint_Z"",""hasPoint_Y"",""visioncycle""]"
Point,,"[""hasPoint_X"",""hasPoint_Z"",""hasPoint_Y"",""visioncycle""]"
Point,,"[""hasPoint_X"",""hasPoint_Z"",""hasPoint_Y"",""visioncycle""]"
Point,,"[""hasPoint_X"",""hasPoint_Z"",""hasPoint_Y"",""visioncycle""]"
Point,,"[""hasPoint_X"",""hasPoint_Z"",""hasPoint_Y"",""visioncycle""]"
Point,,"[""hasPoint_X"",""hasPoint_Z"",""hasPoint_Y"",""visioncycle""]"
Point,,"[""hasPoint_X"",""hasPoint_Z"",""hasPoint_Y"",""visioncycle""]"
Point,,"[""hasPoint_X"",""hasPoint_Z"",""hasPoint_Y"",""visioncycle""]"
Point,,"[""hasPoint_X"",""hasPoint_Z"",""hasPoint_Y"",""visioncycle""]"
Point,,"[""hasPoint_X"",""hasPoint_Z"",""hasPoint_Y"",""visioncycle""]"
Point,,"[""hasPoint_X"",""hasPoint_Z"",""hasPoint_Y"",""visioncycle""]"
Point,,"[""hasPoint_X"",""hasPoint_Z"",""hasPoint_Y"",""visioncycle""]"
Point,,"[""hasPoint_X"",""hasPoint_Z"",""hasPoint_Y"",""visioncycle""]"
Point,,"[""hasPoint_X"",""hasPoint_Z"",""hasPoint_Y"",""visioncycle""]"
Point,,"[""hasPoint_X"",""hasPoint_Z"",""hasPoint_Y"",""visioncycle""]"
Point,,"[""hasPoint_X"",""hasPoint_Z"",""hasPoint_Y"",""visioncycle""]"
Point,,"[""hasPoint_X"",""hasPoint_Z"",""hasPoint_Y"",""visioncycle""]"
Point,,"[""hasPoint_X"",""hasPoint_Z"",""hasPoint_Y"",""visioncycle""]"
Point,,"[""hasPoint_X"",""hasPoint_Z"",""hasPoint_Y"",""visioncycle""]"
Point,,"[""hasPoint_X"",""hasPoint_Z"",""hasPoint_Y"",""visioncycle""]"
Point,,"[""hasPoint_X"",""hasPoint_Z"",""hasPoint_Y"",""visioncycle""]"
Point,,"[""hasPoint_X"",""hasPoint_Z"",""hasPoint_Y"",""visioncycle""]"
Point,,"[""hasPoint_X"",""hasPoint_Z"",""hasPoint_Y"",""visioncycle""]"
Point,,"[""hasPoint_X"",""hasPoint_Z"",""hasPoint_Y"",""visioncycle""]"
Point,,"[""hasPoint_X"",""hasPoint_Z"",""hasPoint_Y"",""visioncycle""]"
Point,,"[""hasPoint_X"",""hasPoint_Z"",""hasPoint_Y"",""visioncycle""]"
Point,,"[""hasPoint_X"",""hasPoint_Z"",""hasPoint_Y"",""visioncycle""]"
Point,,"[""hasPoint_X"",""hasPoint_Z"",""hasPoint_Y"",""visioncycle""]"
Point,,"[""hasPoint_X"",""hasPoint_Z"",""hasPoint_Y"",""visioncycle""]"
Point,,"[""hasPoint_X"",""hasPoint_Z"",""hasPoint_Y"",""visioncycle""]"
Point,,"[""hasPoint_X"",""hasPoint_Z"",""hasPoint_Y"",""visioncycle""]"
Point,,"[""hasPoint_X"",""hasPoint_Z"",""hasPoint_Y"",""visioncycle""]"
Point,,"[""hasPoint_X"",""hasPoint_Z"",""hasPoint_Y"",""visioncycle""]"
Point,,"[""hasPoint_X"",""hasPoint_Z"",""hasPoint_Y"",""visioncycle""]"
Point,,"[""hasPoint_X"",""hasPoint_Z"",""hasPoint_Y"",""visioncycle""]"
Point,,"[""hasPoint_X"",""hasPoint_Z"",""hasPoint_Y"",""visioncycle""]"
Point,,"[""hasPoint_X"",""hasPoint_Z"",""hasPoint_Y"",""visioncycle""]"
Point,,"[""hasPoint_X"",""hasPoint_Z"",""hasPoint_Y"",""visioncycle""]"
Point,,"[""hasPoint_X"",""hasPoint_Z"",""hasPoint_Y"",""visioncycle""]"
Point,,"[""hasPoint_X"",""hasPoint_Z"",""hasPoint_Y"",""visioncycle""]"
Point,,"[""hasPoint_X"",""hasPoint_Z"",""hasPoint_Y"",""visioncycle""]"
Point,,"[""hasPoint_X"",""hasPoint_Z"",""hasPoint_Y"",""visioncycle""]"
Point,,"[""hasPoint_X"",""hasPoint_Z"",""hasPoint_Y"",""visioncycle""]"
Point,,"[""hasPoint_X"",""hasPoint_Z"",""hasPoint_Y"",""visioncycle""]"
Point,,"[""hasPoint_X"",""hasPoint_Z"",""hasPoint_Y"",""visioncycle""]"
Point,,"[""hasPoint_X"",""hasPoint_Z"",""hasPoint_Y"",""visioncycle""]"
Point,,"[""hasPoint_X"",""hasPoint_Z"",""hasPoint_Y"",""visioncycle""]"
Point,,"[""hasPoint_X"",""hasPoint_Z"",""hasPoint_Y"",""visioncycle""]"
Point,,"[""hasPoint_X"",""hasPoint_Z"",""hasPoint_Y"",""visioncycle""]"
Point,,"[""hasPoint_X"",""hasPoint_Z"",""hasPoint_Y"",""visioncycle""]"
Point,,"[""hasPoint_X"",""hasPoint_Z"",""hasPoint_Y"",""visioncycle""]"
Point,,"[""hasPoint_X"",""hasPoint_Z"",""hasPoint_Y"",""visioncycle""]"
Point,,"[""hasPoint_X"",""hasPoint_Z"",""hasPoint_Y"",""visioncycle""]"
Point,,"[""hasPoint_X"",""hasPoint_Z"",""hasPoint_Y"",""visioncycle""]"
Point,,"[""hasPoint_X"",""hasPoint_Z"",""hasPoint_Y"",""visioncycle""]"
Point,,"[""hasPoint_X"",""hasPoint_Z"",""hasPoint_Y"",""visioncycle""]"
Point,,"[""hasPoint_X"",""hasPoint_Z"",""hasPoint_Y"",""visioncycle""]"
Point,,"[""hasPoint_X"",""hasPoint_Z"",""hasPoint_Y"",""visioncycle""]"
Point,point_kit_m2l1_vessel_lg_1,"[""hasPoint_X"",""hasPoint_Z"",""type"",""hasPoint_Y"",""name""]"
Point,part_large_gear_tray_point,"[""hasPoint_X"",""hasPoint_Z"",""type"",""hasPoint_Y"",""name"",""visioncycle""]"
Point,medium_gear_vessel_1_point,"[""visioncycle"",""hasPoint_X"",""hasPoint_Z"",""type"",""hasPoint_Y"",""name""]"
Point,part_large_gear_2_point,"[""hasPoint_X"",""hasPoint_Z"",""type"",""hasPoint_Y"",""name"",""visioncycle""]"
Point,offset_part_gripper_point,"[""hasPoint_X"",""hasPoint_Z"",""type"",""hasPoint_Y"",""name""]"
Point,part_medium_gear_2_point,"[""hasPoint_X"",""hasPoint_Z"",""type"",""hasPoint_Y"",""name"",""visioncycle""]"
Pose,pose_part_large_gear_vessel_lg_2,"[""type"",""name""]"
Pose,part_medium_gear_1_pose,"[""type"",""name""]"
Pose,kit_m2l1_pose_1,"[""type"",""name""]"
Pose,pose_kit_m2l1_vessel_mg_1,"[""type"",""name""]"
Pose,part_medium_gear_2_pose,"[""type"",""name""]"
Pose,pose_part_medium_gear_vessel_mg_2,"[""type"",""name""]"
Pose,part_medium_gear_3_pose,"[""type"",""name""]"
Pose,pose_part_large_gear_vessel_lg_1,"[""type"",""name""]"
Pose,part_medium_gear_4_pose,"[""type"",""name""]"
Pose,part_large_gear_1_pose,"[""type"",""name""]"
Pose,pose_kit_m2l1_vessel_lg_1,"[""type"",""name""]"
Pose,part_large_gear_tray_pose,"[""type"",""name""]"
Pose,pose_part_medium_gear_vessel_mg_1,"[""type"",""name""]"
Pose,kit_m2l1_pose_2,"[""type"",""name""]"
Pose,pose_kit_m2l1_vessel_mg_2,"[""type"",""name""]"
Pose,pose_part_medium_gear_vessel_mg_4,"[""type"",""name""]"
Pose,part_gripper_pose,"[""name"",""type""]"
Pose,medium_gear_vessel_1_pose,"[""type"",""name""]"
Pose,part_large_gear_2_pose,"[""type"",""name""]"
Pose,,[]
Pose,,[]
Pose,,[]
Pose,,[]
Pose,,[]
Pose,,[]
Pose,,[]
Pose,,[]
Pose,,[]
Pose,,[]
Pose,,[]
Pose,,[]
Pose,,[]
Pose,,[]
Pose,,[]
Pose,,[]
Pose,,[]
Pose,,[]
Pose,,[]
Pose,,[]
Pose,,[]
Pose,,[]
Pose,,[]
Pose,,[]
Pose,,[]
Pose,,[]
Pose,,[]
Pose,,[]
Pose,,[]
Pose,,[]
Pose,,[]
Pose,,[]
Pose,,[]
Pose,,[]
Pose,,[]
Pose,,[]
Pose,,[]
Pose,,[]
Pose,,[]
Pose,,[]
Pose,,[]
Pose,,[]
Pose,,[]
Pose,,[]
Pose,,[]
Pose,,[]
Pose,,[]
Pose,,[]
Pose,,[]
Pose,,[]
Pose,,[]
Pose,,[]
Pose,,[]
Pose,,[]
Pose,,[]
Pose,,[]
Pose,,[]
Pose,,[]
Pose,,[]
Pose,,[]
Pose,,[]
Pose,,[]
Pose,,[]
Pose,,[]
Pose,,[]
Pose,,[]
Pose,,[]
Pose,,[]
Pose,,[]
Pose,,[]
Pose,,[]
Pose,,[]
Pose,,[]
Pose,,[]
Pose,,[]
Pose,,[]
Pose,,[]
Pose,,[]
Pose,,[]
Pose,,[]
Pose,,[]
Pose,,[]
Pose,,[]
Pose,,[]
Pose,,[]
Pose,,[]
Pose,,[]
Pose,,[]
Pose,,[]
Pose,,[]
Pose,,[]
Pose,,[]
Pose,,[]
Pose,,[]
Pose,,[]
Pose,,[]
Pose,,[]
Pose,,[]
Pose,,[]
Pose,,[]
Pose,,[]
Pose,,[]
Pose,,[]
Pose,,[]
Pose,,[]
Pose,,[]
Pose,,[]
Pose,,[]
Pose,,[]
Pose,,[]
Pose,,[]
Pose,,[]
Pose,,[]
Pose,,[]
Pose,,[]
Pose,,[]
Pose,,[]
Pose,,[]
Pose,,[]
Pose,,[]
Pose,,[]
Pose,,[]
Pose,,[]
Pose,,[]
Pose,,[]
Pose,,[]
Pose,,[]
Pose,,[]
Pose,,[]
Pose,,[]
Pose,,[]
Pose,,[]
Pose,,[]
Pose,,[]
Pose,,[]
Pose,,[]
Pose,,[]
Pose,,[]
Pose,,[]
Pose,,[]
Pose,,[]
Pose,,[]
Pose,,[]
Pose,,[]
Pose,,[]
Pose,,[]
Pose,,[]
Pose,,[]
Pose,,[]
Pose,,[]
Pose,,[]
Pose,,[]
Pose,,[]
Pose,,[]
Pose,,[]
Pose,,[]
Pose,,[]
Pose,,[]
Pose,,[]
Pose,,[]
Pose,,[]
Pose,,[]
Pose,,[]
Pose,,[]
Pose,,[]
Pose,,[]
Pose,,[]
Pose,,[]
Pose,,[]
Pose,,[]
Pose,,[]
Pose,,[]
Pose,,[]
Pose,,[]
Pose,,[]
Pose,,[]
Pose,,[]
Pose,,[]
Pose,,[]
Pose,,[]
Pose,,[]
Pose,,[]
Pose,,[]
Pose,,[]
Pose,,[]
Pose,,[]
Pose,,[]
Pose,,[]
Pose,,[]
Pose,,[]
Pose,,[]
Pose,,[]
Pose,robot_pose,"[""name"",""type""]"
Pose,pose_part_medium_gear_vessel_mg_3,"[""type"",""name""]"
Pose,fanuc_cart_pose,"[""name"",""type""]"
Pose,offset_part_gripper_pose,"[""type"",""name""]"
PoseLocationIn,part_large_gear_1_location,"[""type"",""name""]"
PoseLocationIn,part_medium_gear_2_location,"[""type"",""name""]"
PoseLocationIn,part_medium_gear_1_location,"[""type"",""name""]"
PoseLocationIn,part_medium_gear_4_location,"[""type"",""name""]"
PoseLocationIn,part_large_gear_2_location,"[""type"",""name""]"
PoseLocationIn,part_medium_gear_3_location,"[""type"",""name""]"
PoseOnlyLocation,kit_m2l1_location_1,"[""type"",""name""]"
PoseOnlyLocation,fanuc_cart_location,"[""type"",""name""]"
PoseOnlyLocation,offset,"[""name"",""type""]"
PoseOnlyLocation,part_gripper_location,"[""type"",""name""]"
PoseOnlyLocation,medium_gear_vessel_1_location,"[""type"",""name""]"
PoseOnlyLocation,kit_m2l1_location_2,"[""type"",""name""]"
PoseOnlyLocation,large_gear_vessel_1_location,"[""type"",""name""]"
PoseOnlyLocation,robot_location,"[""name"",""type""]"
RelativeLocationIn,relative_location_in_1,"[""type"",""hasRelativeLocationIn_Description"",""name""]"
Robot,fanuc_robot,"[""hasRobot_MaximumLoadWeight"",""hasRobot_Description"",""name"",""type""]"
Slot,kit_m2l1_vessel_1_slot_lg_1,"[""hasSlot_ID"",""type"",""hasSlot_IsOccupied"",""name""]"
Slot,kit_m2l1_vessel_2_slot_lg_1,"[""hasSlot_ID"",""type"",""hasSlot_IsOccupied"",""name""]"
Slot,kit_m2l1_vessel_1_slot_mg_2,"[""hasSlot_ID"",""type"",""hasSlot_IsOccupied"",""name""]"
Slot,medium_gear_vessel_1_slot_2,"[""hasSlot_ID"",""type"",""hasSlot_IsOccupied"",""name""]"
Slot,kit_m2l1_vessel_2_slot_mg_2,"[""hasSlot_ID"",""type"",""hasSlot_IsOccupied"",""name""]"
Slot,large_gear_vessel_1_slot_2,"[""hasSlot_ID"",""type"",""hasSlot_IsOccupied"",""name""]"
Slot,medium_gear_vessel_1_slot_4,"[""hasSlot_ID"",""type"",""hasSlot_IsOccupied"",""name""]"
Slot,kit_m2l1_vessel_1_slot_mg_1,"[""hasSlot_ID"",""type"",""hasSlot_IsOccupied"",""name""]"
Slot,medium_gear_vessel_1_slot_1,"[""hasSlot_ID"",""type"",""hasSlot_IsOccupied"",""name""]"
Slot,kit_m2l1_vessel_2_slot_mg_1,"[""hasSlot_ID"",""type"",""hasSlot_IsOccupied"",""name""]"
Slot,large_gear_vessel_1_slot_1,"[""hasSlot_ID"",""type"",""hasSlot_IsOccupied"",""name""]"
Slot,medium_gear_vessel_1_slot_3,"[""hasSlot_ID"",""type"",""hasSlot_IsOccupied"",""name""]"
StockKeepingUnit,sku_part_medium_gear_in_pt_in_pt_in_pt_in_pt_in_pt_in_pt_in_pt_in_pt_in_pt_in_pt,"[""name""]"
StockKeepingUnit,sku_part_medium_gear_in_pt_in_pt_in_pt_in_pt_in_pt_in_pt_in_pt_in_pt_in_pt_in_pt,"[""name""]"
StockKeepingUnit,sku_part_medium_gear_in_pt_in_pt_in_pt_in_pt_in_pt_in_pt_in_pt_in_pt_in_pt_in_pt,"[""name""]"
StockKeepingUnit,sku_part_medium_gear_in_kt_in_kt_in_kt_in_kt_in_kt_in_kt_in_kt_in_kt_in_kt_in_kt_in_kt,"[""name""]"
StockKeepingUnit,sku_part_medium_gear_in_kt_in_kt_in_kt_in_kt_in_kt_in_kt_in_kt_in_kt_in_kt_in_kt_in_kt,"[""name""]"
StockKeepingUnit,sku_part_medium_gear_in_kt_in_kt_in_kt_in_kt_in_kt_in_kt_in_kt_in_kt_in_kt_in_kt_in_kt,"[""name""]"
StockKeepingUnit,sku_part_large_gear_in_kt_in_kt_in_kt_in_kt_in_kt_in_kt_in_kt_in_kt_in_kt_in_kt_in_kt_in_kt,"[""name""]"
StockKeepingUnit,sku_part_large_gear_in_kt_in_kt_in_kt_in_kt_in_kt_in_kt_in_kt_in_kt_in_kt_in_kt_in_kt_in_kt,"[""name""]"
StockKeepingUnit,sku_part_large_gear_in_pt_in_pt_in_pt_in_pt,"[""name""]"
StockKeepingUnit,sku_part_large_gear_in_pt_in_pt_in_pt_in_pt,"[""name""]"
StockKeepingUnit,sku_kit_m2l1_vessel,"[""type"",""hasStockKeepingUnit_Weight"",""name"",""hasStockKeepingUnit_Description""]"
StockKeepingUnit,sku_empty_slot_for_medium_gear_in_kit_m2l1_vessel,"[""name""]"
StockKeepingUnit,sku_empty_slot_for_medium_gear_in_kit_m2l1_vessel,"[""name""]"
StockKeepingUnit,sku_empty_slot_for_medium_gear_in_kit_m2l1_vessel,"[""name""]"
StockKeepingUnit,sku_empty_slot_for_medium_gear_in_kit_m2l1_vessel,"[""name""]"
StockKeepingUnit,sku_part_large_gear_in_pt_in_pt,"[""name""]"
StockKeepingUnit,sku_part_large_gear_in_pt_in_pt,"[""name""]"
StockKeepingUnit,sku_part_medium_gear_in_pt_in_pt_in_pt_in_pt_in_pt,"[""name""]"
StockKeepingUnit,sku_part_medium_gear_in_pt_in_pt_in_pt_in_pt_in_pt,"[""name""]"
StockKeepingUnit,sku_part_medium_gear_in_pt_in_pt_in_pt_in_pt_in_pt,"[""name""]"
StockKeepingUnit,sku_part_medium_gear_in_pt_in_pt_in_pt_in_pt_in_pt,"[""name""]"
StockKeepingUnit,sku_part_medium_gear_in_pt_in_pt_in_pt_in_pt_in_pt_in_pt_in_pt_in_pt_in_pt_in_pt_in_pt_in_pt_in_pt_in_pt_in_pt_in_pt_in_pt_in_pt,"[""name""]"
StockKeepingUnit,sku_part_medium_gear_in_kt_in_kt_in_kt_in_kt_in_kt_in_kt_in_kt_in_kt_in_kt_in_kt_in_kt_in_kt_in_kt_in_kt_in_kt_in_kt_in_kt,"[""name""]"
StockKeepingUnit,sku_part_medium_gear_in_kt_in_kt_in_kt_in_kt_in_kt_in_kt_in_kt_in_kt_in_kt_in_kt_in_kt_in_kt_in_kt_in_kt_in_kt_in_kt_in_kt,"[""name""]"
StockKeepingUnit,sku_part_medium_gear_in_kt_in_kt_in_kt_in_kt_in_kt_in_kt_in_kt_in_kt_in_kt_in_kt_in_kt_in_kt_in_kt_in_kt_in_kt_in_kt_in_kt,"[""name""]"
StockKeepingUnit,sku_empty_slot_for_large_gear_in_medium_gear_vessel,"[""name""]"
StockKeepingUnit,sku_empty_slot_for_large_gear_in_medium_gear_vessel,"[""name""]"
StockKeepingUnit,sku_part_large_gear_in_kt_in_kt,"[""name""]"
StockKeepingUnit,sku_part_large_gear_in_kt_in_kt,"[""name""]"
StockKeepingUnit,sku_empty_slot_for_medium_gear_in_medium_gear_vessel,"[""name""]"
StockKeepingUnit,sku_empty_slot_for_medium_gear_in_medium_gear_vessel,"[""name""]"
StockKeepingUnit,sku_empty_slot_for_medium_gear_in_medium_gear_vessel,"[""name""]"
StockKeepingUnit,sku_empty_slot_for_medium_gear_in_medium_gear_vessel,"[""name""]"
StockKeepingUnit,sku_empty_slot_for_medium_gear_in_medium_gear_vessel,"[""name""]"
StockKeepingUnit,sku_empty_slot_for_medium_gear_in_medium_gear_vessel,"[""name""]"
StockKeepingUnit,sku_empty_slot_for_medium_gear_in_medium_gear_vessel,"[""name""]"
StockKeepingUnit,sku_empty_slot_for_medium_gear_in_medium_gear_vessel,"[""name""]"
StockKeepingUnit,sku_part_large_gear,"[""hasStockKeepingUnit_Description"",""type"",""hasStockKeepingUnit_Weight"",""name""]"
StockKeepingUnit,sku_part_large_gear,"[""name""]"
StockKeepingUnit,sku_part_medium_gear_in_kt_in_kt_in_kt_in_kt_in_kt_in_kt_in_kt_in_kt_in_kt_in_kt_in_kt_in_kt_in_kt_in_kt_in_kt_in_kt,"[""name""]"
StockKeepingUnit,sku_part_medium_gear_in_kt_in_kt_in_kt_in_kt_in_kt_in_kt_in_kt_in_kt_in_kt_in_kt_in_kt_in_kt_in_kt_in_kt_in_kt_in_kt,"[""name""]"
StockKeepingUnit,sku_part_medium_gear_in_kt_in_kt_in_kt_in_kt_in_kt_in_kt_in_kt_in_kt_in_kt_in_kt_in_kt_in_kt_in_kt_in_kt_in_kt_in_kt,"[""name""]"
StockKeepingUnit,sku_part_large_gear_in_pt_in_pt_in_pt_in_pt_in_pt,"[""name""]"
StockKeepingUnit,sku_part_large_gear_in_pt_in_pt_in_pt_in_pt_in_pt,"[""name""]"
StockKeepingUnit,sku_part_large_gear_in_kt_in_kt_in_kt_in_kt_in_kt_in_kt_in_kt_in_kt_in_kt_in_kt_in_kt_in_kt_in_kt_in_kt_in_kt,"[""name""]"
StockKeepingUnit,sku_part_large_gear_in_kt_in_kt_in_kt_in_kt_in_kt_in_kt_in_kt_in_kt_in_kt_in_kt_in_kt_in_kt_in_kt_in_kt_in_kt,"[""name""]"
StockKeepingUnit,sku_empty_slot_2_for_large_gear_in_large_gear_vessel,"[""name""]"
StockKeepingUnit,sku_part_medium_gear_in_pt_in_pt_in_pt_in_pt_in_pt_in_pt,"[""name""]"
StockKeepingUnit,sku_part_medium_gear_in_pt_in_pt_in_pt_in_pt_in_pt_in_pt,"[""name""]"
StockKeepingUnit,sku_part_medium_gear_in_pt_in_pt_in_pt_in_pt_in_pt_in_pt,"[""name""]"
StockKeepingUnit,sku_empty_slot_for_large_gear_in_large_gear_vessel,"[""name""]"
StockKeepingUnit,sku_empty_slot_for_large_gear_in_large_gear_vessel,"[""name""]"
StockKeepingUnit,sku_empty_slot_for_large_gear_in_large_gear_vessel,"[""name""]"
StockKeepingUnit,sku_empty_slot_for_large_gear_in_large_gear_vessel,"[""name""]"
StockKeepingUnit,sku_medium_gear_vessel,"[""type"",""hasStockKeepingUnit_Weight"",""name"",""hasStockKeepingUnit_Description""]"
StockKeepingUnit,sku_part_medium_gear_in_pt_in_pt_in_pt_in_pt_in_pt_in_pt_in_pt_in_pt_in_pt_in_pt_in_pt_in_pt_in_pt,"[""name""]"
StockKeepingUnit,sku_part_medium_gear_in_kt_in_kt_in_kt_in_kt_in_kt_in_kt,"[""name""]"
StockKeepingUnit,sku_part_medium_gear_in_kt_in_kt_in_kt_in_kt_in_kt_in_kt,"[""name""]"
StockKeepingUnit,sku_part_medium_gear_in_kt_in_kt_in_kt_in_kt_in_kt_in_kt,"[""name""]"
StockKeepingUnit,sku_empty_slot_for_medium_gear_in_large_gear_vessel,"[""name""]"
StockKeepingUnit,sku_empty_slot_for_medium_gear_in_large_gear_vessel,"[""name""]"
StockKeepingUnit,sku_empty_slot_for_medium_gear_in_large_gear_vessel,"[""name""]"
StockKeepingUnit,sku_empty_slot_for_medium_gear_in_large_gear_vessel,"[""name""]"
StockKeepingUnit,sku_part_medium_gear_in_pt_in_pt_in_pt_in_pt,"[""name""]"
StockKeepingUnit,sku_part_medium_gear_in_pt_in_pt_in_pt_in_pt,"[""name""]"
StockKeepingUnit,sku_part_medium_gear_in_pt_in_pt_in_pt_in_pt,"[""name""]"
StockKeepingUnit,sku_part_medium_gear_in_pt_in_pt_in_pt_in_pt,"[""name""]"
StockKeepingUnit,sku_part_medium_gear_in_kt_in_kt_in_kt_in_kt_in_kt_in_kt_in_kt_in_kt_in_kt_in_kt_in_kt_in_kt,"[""name""]"
StockKeepingUnit,sku_part_medium_gear_in_kt_in_kt_in_kt_in_kt_in_kt_in_kt_in_kt_in_kt_in_kt_in_kt_in_kt_in_kt,"[""name""]"
StockKeepingUnit,sku_part_medium_gear_in_kt_in_kt_in_kt_in_kt_in_kt_in_kt_in_kt_in_kt_in_kt_in_kt_in_kt_in_kt,"[""name""]"
StockKeepingUnit,sku_part_large_gear_in_kt_in_kt_in_kt_in_kt,"[""name""]"
StockKeepingUnit,sku_part_large_gear_in_kt_in_kt_in_kt_in_kt,"[""name""]"
StockKeepingUnit,sku_part_medium_gear_in_kt_in_kt_in_kt_in_kt_in_kt,"[""name""]"
StockKeepingUnit,sku_part_medium_gear_in_kt_in_kt_in_kt_in_kt_in_kt,"[""name""]"
StockKeepingUnit,sku_part_medium_gear_in_kt_in_kt_in_kt_in_kt_in_kt,"[""name""]"
StockKeepingUnit,sku_part_medium_gear_in_pt_in_pt,"[""name""]"
StockKeepingUnit,sku_part_medium_gear_in_pt_in_pt,"[""name""]"
StockKeepingUnit,sku_part_medium_gear_in_pt_in_pt,"[""name""]"
StockKeepingUnit,sku_part_medium_gear_in_pt_in_pt,"[""name""]"
StockKeepingUnit,sku_part_large_gear_in_pt_in_pt_in_pt,"[""name""]"
StockKeepingUnit,sku_part_large_gear_in_pt_in_pt_in_pt,"[""name""]"
StockKeepingUnit,sku_part_large_gear_in_pt_in_pt_in_pt_in_pt_in_pt_in_pt_in_pt_in_pt,"[""name""]"
StockKeepingUnit,sku_empty_slot_3_for_medium_gear_in_medium_gear_vessel,"[""name""]"
StockKeepingUnit,sku_part_medium_gear_in_pt_in_pt_in_pt_in_pt_in_pt_in_pt_in_pt_in_pt,"[""name""]"
StockKeepingUnit,sku_part_medium_gear_in_pt_in_pt_in_pt_in_pt_in_pt_in_pt_in_pt_in_pt,"[""name""]"
StockKeepingUnit,sku_part_medium_gear_in_pt_in_pt_in_pt_in_pt_in_pt_in_pt_in_pt_in_pt,"[""name""]"
StockKeepingUnit,sku_part_medium_gear_in_kt_in_kt,"[""name""]"
StockKeepingUnit,sku_part_medium_gear_in_kt_in_kt,"[""name""]"
StockKeepingUnit,sku_part_medium_gear_in_kt_in_kt,"[""name""]"
StockKeepingUnit,sku_empty_slot_for_large_gear_in_kit_m2l1_vessel,"[""name""]"
StockKeepingUnit,sku_empty_slot_for_large_gear_in_kit_m2l1_vessel,"[""name""]"
StockKeepingUnit,sku_part_medium_gear_in_pt_in_pt_in_pt_in_pt_in_pt_in_pt_in_pt_in_pt_in_pt_in_pt_in_pt_in_pt_in_pt_in_pt_in_pt_in_pt_in_pt,"[""name""]"
StockKeepingUnit,sku_part_medium_gear_in_kt_in_kt_in_kt_in_kt_in_kt_in_kt_in_kt,"[""name""]"
StockKeepingUnit,sku_part_medium_gear_in_kt_in_kt_in_kt_in_kt_in_kt_in_kt_in_kt,"[""name""]"
StockKeepingUnit,sku_part_medium_gear_in_kt_in_kt_in_kt_in_kt_in_kt_in_kt_in_kt,"[""name""]"
StockKeepingUnit,sku_part_large_gear_in_pt_in_pt_in_pt_in_pt_in_pt_in_pt_in_pt_in_pt_in_pt_in_pt,"[""name""]"
StockKeepingUnit,sku_part_medium_gear_in_pt_in_pt_in_pt_in_pt_in_pt_in_pt_in_pt_in_pt_in_pt_in_pt_in_pt_in_pt_in_pt_in_pt,"[""name""]"
StockKeepingUnit,sku_part_medium_gear_in_kt_in_kt_in_kt_in_kt_in_kt_in_kt_in_kt_in_kt_in_kt_in_kt_in_kt_in_kt_in_kt_in_kt_in_kt_in_kt_in_kt_in_kt,"[""name""]"
StockKeepingUnit,sku_part_medium_gear_in_kt_in_kt_in_kt_in_kt_in_kt_in_kt_in_kt_in_kt_in_kt_in_kt_in_kt_in_kt_in_kt_in_kt_in_kt_in_kt_in_kt_in_kt,"[""name""]"
StockKeepingUnit,sku_part_medium_gear_in_kt_in_kt_in_kt_in_kt_in_kt_in_kt_in_kt_in_kt_in_kt_in_kt_in_kt_in_kt_in_kt_in_kt_in_kt_in_kt_in_kt_in_kt,"[""name""]"
StockKeepingUnit,sku_part_large_gear_in_kt_in_kt_in_kt_in_kt_in_kt_in_kt_in_kt,"[""name""]"
StockKeepingUnit,sku_part_large_gear_in_kt_in_kt_in_kt_in_kt_in_kt_in_kt_in_kt,"[""name""]"
StockKeepingUnit,sku_part_medium_gear_in_kt,"[""name""]"
StockKeepingUnit,sku_part_medium_gear_in_kt,"[""name""]"
StockKeepingUnit,sku_part_medium_gear_in_kt,"[""name""]"
StockKeepingUnit,sku_part_medium_gear_in_kt,"[""name""]"
StockKeepingUnit,sku_part_large_gear_in_kt_in_kt_in_kt,"[""name""]"
StockKeepingUnit,sku_part_large_gear_in_kt_in_kt_in_kt,"[""name""]"
StockKeepingUnit,sku_part_medium_gear_in_kt_in_kt_in_kt_in_kt_in_kt_in_kt_in_kt_in_kt_in_kt_in_kt,"[""name""]"
StockKeepingUnit,sku_part_medium_gear_in_kt_in_kt_in_kt_in_kt_in_kt_in_kt_in_kt_in_kt_in_kt_in_kt,"[""name""]"
StockKeepingUnit,sku_part_medium_gear_in_kt_in_kt_in_kt_in_kt_in_kt_in_kt_in_kt_in_kt_in_kt_in_kt,"[""name""]"
StockKeepingUnit,sku_large_gear_vessel,"[""type"",""hasStockKeepingUnit_Weight"",""name"",""hasStockKeepingUnit_Description""]"
StockKeepingUnit,sku_part_medium_gear_in_kt_in_kt_in_kt_in_kt,"[""name""]"
StockKeepingUnit,sku_part_medium_gear_in_kt_in_kt_in_kt_in_kt,"[""name""]"
StockKeepingUnit,sku_part_medium_gear_in_kt_in_kt_in_kt_in_kt,"[""name""]"
StockKeepingUnit,sku_part_large_gear_in_kt_in_kt_in_kt_in_kt_in_kt,"[""name""]"
StockKeepingUnit,sku_part_large_gear_in_kt_in_kt_in_kt_in_kt_in_kt,"[""name""]"
StockKeepingUnit,sku_part_medium_gear_in_kt_in_kt_in_kt_in_kt_in_kt_in_kt_in_kt_in_kt_in_kt,"[""name""]"
StockKeepingUnit,sku_part_medium_gear_in_kt_in_kt_in_kt_in_kt_in_kt_in_kt_in_kt_in_kt_in_kt,"[""name""]"
StockKeepingUnit,sku_part_medium_gear_in_kt_in_kt_in_kt_in_kt_in_kt_in_kt_in_kt_in_kt_in_kt,"[""name""]"
StockKeepingUnit,sku_part_large_gear_in_pt_in_pt_in_pt_in_pt_in_pt_in_pt,"[""name""]"
StockKeepingUnit,sku_part_medium_gear_in_kt_in_kt_in_kt,"[""name""]"
StockKeepingUnit,sku_part_medium_gear_in_kt_in_kt_in_kt,"[""name""]"
StockKeepingUnit,sku_part_medium_gear_in_kt_in_kt_in_kt,"[""name""]"
StockKeepingUnit,sku_empty_slot_2_for_medium_gear_in_kit_m2l1_vessel,"[""name""]"
StockKeepingUnit,sku_empty_slot_2_for_medium_gear_in_kit_m2l1_vessel,"[""name""]"
StockKeepingUnit,sku_empty_slot_2_for_medium_gear_in_kit_m2l1_vessel,"[""name""]"
StockKeepingUnit,sku_empty_slot_2_for_medium_gear_in_kit_m2l1_vessel,"[""name""]"
StockKeepingUnit,sku_part_medium_gear,"[""hasStockKeepingUnit_Description"",""type"",""hasStockKeepingUnit_Weight"",""name""]"
StockKeepingUnit,sku_part_medium_gear_in_pt_in_pt_in_pt,"[""name""]"
StockKeepingUnit,sku_part_medium_gear_in_pt_in_pt_in_pt,"[""name""]"
StockKeepingUnit,sku_part_medium_gear_in_pt_in_pt_in_pt,"[""name""]"
StockKeepingUnit,sku_part_medium_gear_in_pt_in_pt_in_pt,"[""name""]"
StockKeepingUnit,sku_part_medium_gear_in_pt_in_pt_in_pt_in_pt_in_pt_in_pt_in_pt_in_pt_in_pt,"[""name""]"
StockKeepingUnit,sku_part_medium_gear_in_pt_in_pt_in_pt_in_pt_in_pt_in_pt_in_pt_in_pt_in_pt,"[""name""]"
StockKeepingUnit,sku_part_medium_gear_in_pt_in_pt_in_pt_in_pt_in_pt_in_pt_in_pt_in_pt_in_pt,"[""name""]"
StockKeepingUnit,sku_part_large_gear_in_kt_in_kt_in_kt_in_kt_in_kt_in_kt,"[""name""]"
StockKeepingUnit,sku_part_large_gear_in_kt_in_kt_in_kt_in_kt_in_kt_in_kt,"[""name""]"
StockKeepingUnit,sku_part_medium_gear_in_pt_in_pt_in_pt_in_pt_in_pt_in_pt_in_pt,"[""name""]"
StockKeepingUnit,sku_part_medium_gear_in_pt_in_pt_in_pt_in_pt_in_pt_in_pt_in_pt,"[""name""]"
StockKeepingUnit,sku_part_medium_gear_in_pt_in_pt_in_pt_in_pt_in_pt_in_pt_in_pt,"[""name""]"
StockKeepingUnit,sku_empty_slot_1_for_large_gear_in_kit_m2l1_vessel,"[""name""]"
StockKeepingUnit,sku_empty_slot_1_for_large_gear_in_kit_m2l1_vessel,"[""name""]"
StockKeepingUnit,sku_empty_slot_1_for_large_gear_in_kit_m2l1_vessel,"[""name""]"
StockKeepingUnit,sku_empty_slot_1_for_large_gear_in_kit_m2l1_vessel,"[""name""]"
StockKeepingUnit,sku_part_medium_gear_in_kt_in_kt_in_kt_in_kt_in_kt_in_kt_in_kt_in_kt,"[""name""]"
StockKeepingUnit,sku_part_medium_gear_in_kt_in_kt_in_kt_in_kt_in_kt_in_kt_in_kt_in_kt,"[""name""]"
StockKeepingUnit,sku_part_medium_gear_in_kt_in_kt_in_kt_in_kt_in_kt_in_kt_in_kt_in_kt,"[""name""]"
StockKeepingUnit,sku_part_large_gear_in_kt_in_kt_in_kt_in_kt_in_kt_in_kt_in_kt_in_kt_in_kt,"[""name""]"
StockKeepingUnit,sku_part_large_gear_in_kt_in_kt_in_kt_in_kt_in_kt_in_kt_in_kt_in_kt_in_kt,"[""name""]"
StockKeepingUnit,sku_part_large_gear_in_kt_in_kt_in_kt_in_kt_in_kt_in_kt_in_kt_in_kt_in_kt_in_kt_in_kt_in_kt_in_kt_in_kt_in_kt_in_kt_in_kt,"[""name""]"
StockKeepingUnit,sku_part_large_gear_in_kt_in_kt_in_kt_in_kt_in_kt_in_kt_in_kt_in_kt_in_kt_in_kt_in_kt_in_kt_in_kt_in_kt_in_kt_in_kt_in_kt,"[""name""]"
StockKeepingUnit,sku_part_medium_gear_in_pt,"[""name""]"
StockKeepingUnit,sku_part_medium_gear_in_pt,"[""name""]"
StockKeepingUnit,sku_part_medium_gear_in_pt,"[""name""]"
StockKeepingUnit,sku_part_medium_gear_in_pt,"[""name""]"
StockKeepingUnit,sku_part_medium_gear_in_pt_in_pt_in_pt_in_pt_in_pt_in_pt_in_pt_in_pt_in_pt_in_pt_in_pt_in_pt_in_pt_in_pt_in_pt,"[""name""]"
StockKeepingUnit,sku_part_medium_gear_in_kt_in_kt_in_kt_in_kt_in_kt_in_kt_in_kt_in_kt_in_kt_in_kt_in_kt_in_kt_in_kt_in_kt_in_kt,"[""name""]"
StockKeepingUnit,sku_part_medium_gear_in_kt_in_kt_in_kt_in_kt_in_kt_in_kt_in_kt_in_kt_in_kt_in_kt_in_kt_in_kt_in_kt_in_kt_in_kt,"[""name""]"
StockKeepingUnit,sku_part_medium_gear_in_kt_in_kt_in_kt_in_kt_in_kt_in_kt_in_kt_in_kt_in_kt_in_kt_in_kt_in_kt_in_kt_in_kt_in_kt,"[""name""]"
StockKeepingUnit,sku_empty_slot_1_for_medium_gear_in_kit_m2l1_vessel,"[""name""]"
StockKeepingUnit,sku_empty_slot_1_for_medium_gear_in_kit_m2l1_vessel,"[""name""]"
StockKeepingUnit,sku_empty_slot_1_for_medium_gear_in_kit_m2l1_vessel,"[""name""]"
StockKeepingUnit,sku_empty_slot_1_for_medium_gear_in_kit_m2l1_vessel,"[""name""]"
StockKeepingUnit,sku_part_medium_gear_in_pt_in_pt_in_pt_in_pt_in_pt_in_pt_in_pt_in_pt_in_pt_in_pt_in_pt_in_pt_in_pt_in_pt_in_pt_in_pt,"[""name""]"
StockKeepingUnit,sku_part_large_gear_in_kt_in_kt_in_kt_in_kt_in_kt_in_kt_in_kt_in_kt_in_kt_in_kt,"[""name""]"
StockKeepingUnit,sku_part_large_gear_in_kt_in_kt_in_kt_in_kt_in_kt_in_kt_in_kt_in_kt_in_kt_in_kt,"[""name""]"
StockKeepingUnit,sku_part_large_gear_in_pt_in_pt_in_pt_in_pt_in_pt_in_pt_in_pt_in_pt_in_pt,"[""name""]"
StockKeepingUnit,sku_part_large_gear_in_kt_in_kt_in_kt_in_kt_in_kt_in_kt_in_kt_in_kt_in_kt_in_kt_in_kt_in_kt_in_kt,"[""name""]"
StockKeepingUnit,sku_part_large_gear_in_kt_in_kt_in_kt_in_kt_in_kt_in_kt_in_kt_in_kt_in_kt_in_kt_in_kt_in_kt_in_kt,"[""name""]"
StockKeepingUnit,sku_part_medium_gear_in_kt_in_kt_in_kt_in_kt_in_kt_in_kt_in_kt_in_kt_in_kt_in_kt_in_kt_in_kt_in_kt_in_kt,"[""name""]"
StockKeepingUnit,sku_part_medium_gear_in_kt_in_kt_in_kt_in_kt_in_kt_in_kt_in_kt_in_kt_in_kt_in_kt_in_kt_in_kt_in_kt_in_kt,"[""name""]"
StockKeepingUnit,sku_part_medium_gear_in_kt_in_kt_in_kt_in_kt_in_kt_in_kt_in_kt_in_kt_in_kt_in_kt_in_kt_in_kt_in_kt_in_kt,"[""name""]"
StockKeepingUnit,sku_part_large_gear_in_kt_in_kt_in_kt_in_kt_in_kt_in_kt_in_kt_in_kt_in_kt_in_kt_in_kt_in_kt_in_kt_in_kt_in_kt_in_kt,"[""name""]"
StockKeepingUnit,sku_part_large_gear_in_kt_in_kt_in_kt_in_kt_in_kt_in_kt_in_kt_in_kt_in_kt_in_kt_in_kt_in_kt_in_kt_in_kt_in_kt_in_kt,"[""name""]"
StockKeepingUnit,sku_part_large_gear_in_kt_in_kt_in_kt_in_kt_in_kt_in_kt_in_kt_in_kt_in_kt_in_kt_in_kt_in_kt_in_kt_in_kt,"[""name""]"
StockKeepingUnit,sku_part_large_gear_in_kt_in_kt_in_kt_in_kt_in_kt_in_kt_in_kt_in_kt_in_kt_in_kt_in_kt_in_kt_in_kt_in_kt,"[""name""]"
StockKeepingUnit,sku_part_large_gear_in_pt_in_pt_in_pt_in_pt_in_pt_in_pt_in_pt_in_pt_in_pt_in_pt_in_pt,"[""name""]"
StockKeepingUnit,sku_part_large_gear_in_kt_in_kt_in_kt_in_kt_in_kt_in_kt_in_kt_in_kt,"[""name""]"
StockKeepingUnit,sku_part_large_gear_in_kt_in_kt_in_kt_in_kt_in_kt_in_kt_in_kt_in_kt,"[""name""]"
StockKeepingUnit,sku_part_medium_gear_in_pt_in_pt_in_pt_in_pt_in_pt_in_pt_in_pt_in_pt_in_pt_in_pt_in_pt_in_pt,"[""name""]"
StockKeepingUnit,sku_part_large_gear_in_kt,"[""name""]"
StockKeepingUnit,sku_part_large_gear_in_kt,"[""name""]"
StockKeepingUnit,sku_part_medium_gear_in_kt_in_kt_in_kt_in_kt_in_kt_in_kt_in_kt_in_kt_in_kt_in_kt_in_kt_in_kt_in_kt,"[""name""]"
StockKeepingUnit,sku_part_medium_gear_in_kt_in_kt_in_kt_in_kt_in_kt_in_kt_in_kt_in_kt_in_kt_in_kt_in_kt_in_kt_in_kt,"[""name""]"
StockKeepingUnit,sku_part_medium_gear_in_kt_in_kt_in_kt_in_kt_in_kt_in_kt_in_kt_in_kt_in_kt_in_kt_in_kt_in_kt_in_kt,"[""name""]"
StockKeepingUnit,sku_part_large_gear_in_kt_in_kt_in_kt_in_kt_in_kt_in_kt_in_kt_in_kt_in_kt_in_kt_in_kt,"[""name""]"
StockKeepingUnit,sku_part_large_gear_in_kt_in_kt_in_kt_in_kt_in_kt_in_kt_in_kt_in_kt_in_kt_in_kt_in_kt,"[""name""]"
StockKeepingUnit,sku_empty_slot_4_for_medium_gear_in_medium_gear_vessel,"[""name""]"
StockKeepingUnit,sku_part_large_gear_in_pt_in_pt_in_pt_in_pt_in_pt_in_pt_in_pt,"[""name""]"
StockKeepingUnit,sku_part_large_gear_in_kt_in_kt_in_kt_in_kt_in_kt_in_kt_in_kt_in_kt_in_kt_in_kt_in_kt_in_kt_in_kt_in_kt_in_kt_in_kt_in_kt_in_kt,"[""name""]"
StockKeepingUnit,sku_part_large_gear_in_kt_in_kt_in_kt_in_kt_in_kt_in_kt_in_kt_in_kt_in_kt_in_kt_in_kt_in_kt_in_kt_in_kt_in_kt_in_kt_in_kt_in_kt,"[""name""]"
StockKeepingUnit,sku_part_large_gear_in_pt,"[""name""]"
StockKeepingUnit,sku_part_large_gear_in_pt,"[""name""]"
StockKeepingUnit,sku_part_medium_gear_in_pt_in_pt_in_pt_in_pt_in_pt_in_pt_in_pt_in_pt_in_pt_in_pt_in_pt,"[""name""]"
StockKeepingUnit,sku_part_medium_gear_in_pt_in_pt_in_pt_in_pt_in_pt_in_pt_in_pt_in_pt_in_pt_in_pt_in_pt,"[""name""]"
StockKeepingUnit,sku_part_medium_gear_in_pt_in_pt_in_pt_in_pt_in_pt_in_pt_in_pt_in_pt_in_pt_in_pt_in_pt,"[""name""]"
Vector,x_axis_part_medium_gear_vessel_mg_2,"[""hasVector_K"",""hasVector_J"",""type"",""hasVector_I"",""name""]"
Vector,x_axis_part_large_gear_vessel_lg_2,"[""hasVector_K"",""hasVector_J"",""type"",""hasVector_I"",""name""]"
Vector,part_large_gear_2_z_axis,"[""hasVector_K"",""hasVector_J"",""type"",""hasVector_I"",""name""]"
Vector,part_large_gear_1_x_axis,"[""hasVector_K"",""hasVector_J"",""type"",""hasVector_I"",""name""]"
Vector,part_medium_gear_4_x_axis,"[""hasVector_K"",""hasVector_J"",""type"",""hasVector_I"",""name""]"
Vector,z_axis_part_medium_gear_vessel_mg_3,"[""hasVector_K"",""hasVector_J"",""type"",""hasVector_I"",""name""]"
Vector,offset_part_gripper_z_axis,"[""hasVector_K"",""hasVector_J"",""type"",""hasVector_I"",""name""]"
Vector,x_axis_kit_m2l1_vessel_mg_1,"[""hasVector_K"",""hasVector_J"",""type"",""hasVector_I"",""name""]"
Vector,medium_gear_vessel_1_z_axis,"[""hasVector_K"",""hasVector_J"",""type"",""hasVector_I"",""name""]"
Vector,part_medium_gear_1_z_axis,"[""hasVector_K"",""hasVector_J"",""type"",""hasVector_I"",""name""]"
Vector,part_medium_gear_3_x_axis,"[""hasVector_K"",""hasVector_J"",""type"",""hasVector_I"",""name""]"
Vector,kit_m2l1_z_axis_1,"[""hasVector_K"",""hasVector_J"",""type"",""hasVector_I"",""name""]"
Vector,z_axis_part_large_gear_vessel_lg_2,"[""hasVector_K"",""hasVector_J"",""type"",""hasVector_I"",""name""]"
Vector,part_large_gear_tray_x_axis,"[""hasVector_K"",""hasVector_J"",""type"",""hasVector_I"",""name""]"
Vector,x_axis_part_medium_gear_vessel_mg_1,"[""hasVector_K"",""hasVector_J"",""type"",""hasVector_I"",""name""]"
Vector,z_axis_kit_m2l1_vessel_lg_1,"[""hasVector_K"",""hasVector_J"",""type"",""hasVector_I"",""name""]"
Vector,x_axis_part_large_gear_vessel_lg_1,"[""hasVector_K"",""hasVector_J"",""type"",""hasVector_I"",""name""]"
Vector,part_large_gear_1_z_axis,"[""hasVector_K"",""hasVector_J"",""type"",""hasVector_I"",""name""]"
Vector,x_axis_part_medium_gear_vessel_mg_4,"[""hasVector_K"",""hasVector_J"",""type"",""hasVector_I"",""name""]"
Vector,kit_m2l1_x_axis_2,"[""hasVector_K"",""hasVector_J"",""type"",""hasVector_I"",""name""]"
Vector,part_medium_gear_2_x_axis,"[""hasVector_K"",""hasVector_J"",""type"",""hasVector_I"",""name""]"
Vector,z_axis_part_medium_gear_vessel_mg_2,"[""hasVector_K"",""hasVector_J"",""type"",""hasVector_I"",""name""]"
Vector,part_medium_gear_4_z_axis,"[""hasVector_K"",""hasVector_J"",""type"",""hasVector_I"",""name""]"
Vector,part_gripper_x_axis,"[""hasVector_K"",""hasVector_J"",""type"",""hasVector_I"",""name""]"
Vector,z_axis_kit_m2l1_vessel_mg_2,"[""hasVector_K"",""hasVector_J"",""type"",""hasVector_I"",""name""]"
Vector,robot_x_axis,"[""hasVector_J"",""hasVector_I"",""hasVector_K"",""name"",""type""]"
Vector,fanuc_cart_x_axis,"[""hasVector_J"",""hasVector_I"",""hasVector_K"",""name"",""type""]"
Vector,z_axis_part_medium_gear_vessel_mg_1,"[""hasVector_K"",""hasVector_J"",""type"",""hasVector_I"",""name""]"
Vector,part_medium_gear_3_z_axis,"[""hasVector_K"",""hasVector_J"",""type"",""hasVector_I"",""name""]"
Vector,x_axis_kit_m2l1_vessel_lg_1,"[""hasVector_K"",""hasVector_J"",""type"",""hasVector_I"",""name""]"
Vector,part_large_gear_2_x_axis,"[""hasVector_K"",""hasVector_J"",""type"",""hasVector_I"",""name""]"
Vector,part_large_gear_tray_z_axis,"[""hasVector_K"",""hasVector_J"",""type"",""hasVector_I"",""name""]"
Vector,z_axis_part_medium_gear_vessel_mg_4,"[""hasVector_K"",""hasVector_J"",""type"",""hasVector_I"",""name""]"
Vector,z_axis_part_large_gear_vessel_lg_1,"[""hasVector_K"",""hasVector_J"",""type"",""hasVector_I"",""name""]"
Vector,,"[""hasVector_J"",""hasVector_I"",""hasVector_K""]"
Vector,,"[""hasVector_J"",""hasVector_I"",""hasVector_K""]"
Vector,,"[""hasVector_J"",""hasVector_I"",""hasVector_K""]"
Vector,,"[""hasVector_J"",""hasVector_I"",""hasVector_K""]"
Vector,,"[""hasVector_J"",""hasVector_I"",""hasVector_K""]"
Vector,,"[""hasVector_J"",""hasVector_I"",""hasVector_K""]"
Vector,,"[""hasVector_J"",""hasVector_I"",""hasVector_K""]"
Vector,,"[""hasVector_J"",""hasVector_I"",""hasVector_K""]"
Vector,,"[""hasVector_J"",""hasVector_I"",""hasVector_K""]"
Vector,,"[""hasVector_J"",""hasVector_I"",""hasVector_K""]"
Vector,,"[""hasVector_J"",""hasVector_I"",""hasVector_K""]"
Vector,,"[""hasVector_J"",""hasVector_I"",""hasVector_K""]"
Vector,,"[""hasVector_J"",""hasVector_I"",""hasVector_K""]"
Vector,,"[""hasVector_J"",""hasVector_I"",""hasVector_K""]"
Vector,,"[""hasVector_J"",""hasVector_I"",""hasVector_K""]"
Vector,,"[""hasVector_J"",""hasVector_I"",""hasVector_K""]"
Vector,,"[""hasVector_J"",""hasVector_I"",""hasVector_K""]"
Vector,,"[""hasVector_J"",""hasVector_I"",""hasVector_K""]"
Vector,,"[""hasVector_J"",""hasVector_I"",""hasVector_K""]"
Vector,,"[""hasVector_J"",""hasVector_I"",""hasVector_K""]"
Vector,,"[""hasVector_J"",""hasVector_I"",""hasVector_K""]"
Vector,,"[""hasVector_J"",""hasVector_I"",""hasVector_K""]"
Vector,,"[""hasVector_J"",""hasVector_I"",""hasVector_K""]"
Vector,,"[""hasVector_J"",""hasVector_I"",""hasVector_K""]"
Vector,,"[""hasVector_J"",""hasVector_I"",""hasVector_K""]"
Vector,,"[""hasVector_J"",""hasVector_I"",""hasVector_K""]"
Vector,,"[""hasVector_J"",""hasVector_I"",""hasVector_K""]"
Vector,,"[""hasVector_J"",""hasVector_I"",""hasVector_K""]"
Vector,,"[""hasVector_J"",""hasVector_I"",""hasVector_K""]"
Vector,,"[""hasVector_J"",""hasVector_I"",""hasVector_K""]"
Vector,,"[""hasVector_J"",""hasVector_I"",""hasVector_K""]"
Vector,,"[""hasVector_J"",""hasVector_I"",""hasVector_K""]"
Vector,,"[""hasVector_J"",""hasVector_I"",""hasVector_K""]"
Vector,,"[""hasVector_J"",""hasVector_I"",""hasVector_K""]"
Vector,,"[""hasVector_J"",""hasVector_I"",""hasVector_K""]"
Vector,,"[""hasVector_J"",""hasVector_I"",""hasVector_K""]"
Vector,,"[""hasVector_J"",""hasVector_I"",""hasVector_K""]"
Vector,,"[""hasVector_J"",""hasVector_I"",""hasVector_K""]"
Vector,,"[""hasVector_J"",""hasVector_I"",""hasVector_K""]"
Vector,,"[""hasVector_J"",""hasVector_I"",""hasVector_K""]"
Vector,,"[""hasVector_J"",""hasVector_I"",""hasVector_K""]"
Vector,,"[""hasVector_J"",""hasVector_I"",""hasVector_K""]"
Vector,,"[""hasVector_J"",""hasVector_I"",""hasVector_K""]"
Vector,,"[""hasVector_J"",""hasVector_I"",""hasVector_K""]"
Vector,,"[""hasVector_J"",""hasVector_I"",""hasVector_K""]"
Vector,,"[""hasVector_J"",""hasVector_I"",""hasVector_K""]"
Vector,,"[""hasVector_J"",""hasVector_I"",""hasVector_K""]"
Vector,,"[""hasVector_J"",""hasVector_I"",""hasVector_K""]"
Vector,,"[""hasVector_J"",""hasVector_I"",""hasVector_K""]"
Vector,,"[""hasVector_J"",""hasVector_I"",""hasVector_K""]"
Vector,,"[""hasVector_J"",""hasVector_I"",""hasVector_K""]"
Vector,,"[""hasVector_J"",""hasVector_I"",""hasVector_K""]"
Vector,,"[""hasVector_J"",""hasVector_I"",""hasVector_K""]"
Vector,,"[""hasVector_J"",""hasVector_I"",""hasVector_K""]"
Vector,,"[""hasVector_J"",""hasVector_I"",""hasVector_K""]"
Vector,,"[""hasVector_J"",""hasVector_I"",""hasVector_K""]"
Vector,,"[""hasVector_J"",""hasVector_I"",""hasVector_K""]"
Vector,,"[""hasVector_J"",""hasVector_I"",""hasVector_K""]"
Vector,,"[""hasVector_J"",""hasVector_I"",""hasVector_K""]"
Vector,,"[""hasVector_J"",""hasVector_I"",""hasVector_K""]"
Vector,,"[""hasVector_J"",""hasVector_I"",""hasVector_K""]"
Vector,,"[""hasVector_J"",""hasVector_I"",""hasVector_K""]"
Vector,,"[""hasVector_J"",""hasVector_I"",""hasVector_K""]"
Vector,,"[""hasVector_J"",""hasVector_I"",""hasVector_K""]"
Vector,,"[""hasVector_J"",""hasVector_I"",""hasVector_K""]"
Vector,,"[""hasVector_J"",""hasVector_I"",""hasVector_K""]"
Vector,,"[""hasVector_J"",""hasVector_I"",""hasVector_K""]"
Vector,,"[""hasVector_J"",""hasVector_I"",""hasVector_K""]"
Vector,,"[""hasVector_J"",""hasVector_I"",""hasVector_K""]"
Vector,,"[""hasVector_J"",""hasVector_I"",""hasVector_K""]"
Vector,,"[""hasVector_J"",""hasVector_I"",""hasVector_K""]"
Vector,,"[""hasVector_J"",""hasVector_I"",""hasVector_K""]"
Vector,,"[""hasVector_J"",""hasVector_I"",""hasVector_K""]"
Vector,,"[""hasVector_J"",""hasVector_I"",""hasVector_K""]"
Vector,,"[""hasVector_J"",""hasVector_I"",""hasVector_K""]"
Vector,,"[""hasVector_J"",""hasVector_I"",""hasVector_K""]"
Vector,,"[""hasVector_J"",""hasVector_I"",""hasVector_K""]"
Vector,,"[""hasVector_J"",""hasVector_I"",""hasVector_K""]"
Vector,,"[""hasVector_J"",""hasVector_I"",""hasVector_K""]"
Vector,,"[""hasVector_J"",""hasVector_I"",""hasVector_K""]"
Vector,,"[""hasVector_J"",""hasVector_I"",""hasVector_K""]"
Vector,,"[""hasVector_J"",""hasVector_I"",""hasVector_K""]"
Vector,,"[""hasVector_J"",""hasVector_I"",""hasVector_K""]"
Vector,,"[""hasVector_J"",""hasVector_I"",""hasVector_K""]"
Vector,,"[""hasVector_J"",""hasVector_I"",""hasVector_K""]"
Vector,,"[""hasVector_J"",""hasVector_I"",""hasVector_K""]"
Vector,,"[""hasVector_J"",""hasVector_I"",""hasVector_K""]"
Vector,,"[""hasVector_J"",""hasVector_I"",""hasVector_K""]"
Vector,,"[""hasVector_J"",""hasVector_I"",""hasVector_K""]"
Vector,,"[""hasVector_J"",""hasVector_I"",""hasVector_K""]"
Vector,,"[""hasVector_J"",""hasVector_I"",""hasVector_K""]"
Vector,,"[""hasVector_J"",""hasVector_I"",""hasVector_K""]"
Vector,,"[""hasVector_J"",""hasVector_I"",""hasVector_K""]"
Vector,,"[""hasVector_J"",""hasVector_I"",""hasVector_K""]"
Vector,,"[""hasVector_J"",""hasVector_I"",""hasVector_K""]"
Vector,,"[""hasVector_J"",""hasVector_I"",""hasVector_K""]"
Vector,,"[""hasVector_J"",""hasVector_I"",""hasVector_K""]"
Vector,,"[""hasVector_J"",""hasVector_I"",""hasVector_K""]"
Vector,,"[""hasVector_J"",""hasVector_I"",""hasVector_K""]"
Vector,,"[""hasVector_J"",""hasVector_I"",""hasVector_K""]"
Vector,,"[""hasVector_J"",""hasVector_I"",""hasVector_K""]"
Vector,,"[""hasVector_J"",""hasVector_I"",""hasVector_K""]"
Vector,,"[""hasVector_J"",""hasVector_I"",""hasVector_K""]"
Vector,,"[""hasVector_J"",""hasVector_I"",""hasVector_K""]"
Vector,,"[""hasVector_J"",""hasVector_I"",""hasVector_K""]"
Vector,,"[""hasVector_J"",""hasVector_I"",""hasVector_K""]"
Vector,,"[""hasVector_J"",""hasVector_I"",""hasVector_K""]"
Vector,,"[""hasVector_J"",""hasVector_I"",""hasVector_K""]"
Vector,,"[""hasVector_J"",""hasVector_I"",""hasVector_K""]"
Vector,,"[""hasVector_J"",""hasVector_I"",""hasVector_K""]"
Vector,,"[""hasVector_J"",""hasVector_I"",""hasVector_K""]"
Vector,,"[""hasVector_J"",""hasVector_I"",""hasVector_K""]"
Vector,,"[""hasVector_J"",""hasVector_I"",""hasVector_K""]"
Vector,,"[""hasVector_J"",""hasVector_I"",""hasVector_K""]"
Vector,,"[""hasVector_J"",""hasVector_I"",""hasVector_K""]"
Vector,,"[""hasVector_J"",""hasVector_I"",""hasVector_K""]"
Vector,,"[""hasVector_J"",""hasVector_I"",""hasVector_K""]"
Vector,,"[""hasVector_J"",""hasVector_I"",""hasVector_K""]"
Vector,,"[""hasVector_J"",""hasVector_I"",""hasVector_K""]"
Vector,,"[""hasVector_J"",""hasVector_I"",""hasVector_K""]"
Vector,,"[""hasVector_J"",""hasVector_I"",""hasVector_K""]"
Vector,,"[""hasVector_J"",""hasVector_I"",""hasVector_K""]"
Vector,,"[""hasVector_J"",""hasVector_I"",""hasVector_K""]"
Vector,,"[""hasVector_J"",""hasVector_I"",""hasVector_K""]"
Vector,,"[""hasVector_J"",""hasVector_I"",""hasVector_K""]"
Vector,,"[""hasVector_J"",""hasVector_I"",""hasVector_K""]"
Vector,,"[""hasVector_J"",""hasVector_I"",""hasVector_K""]"
Vector,,"[""hasVector_J"",""hasVector_I"",""hasVector_K""]"
Vector,,"[""hasVector_J"",""hasVector_I"",""hasVector_K""]"
Vector,,"[""hasVector_J"",""hasVector_I"",""hasVector_K""]"
Vector,,"[""hasVector_J"",""hasVector_I"",""hasVector_K""]"
Vector,,"[""hasVector_J"",""hasVector_I"",""hasVector_K""]"
Vector,,"[""hasVector_J"",""hasVector_I"",""hasVector_K""]"
Vector,,"[""hasVector_J"",""hasVector_I"",""hasVector_K""]"
Vector,,"[""hasVector_J"",""hasVector_I"",""hasVector_K""]"
Vector,,"[""hasVector_J"",""hasVector_I"",""hasVector_K""]"
Vector,,"[""hasVector_J"",""hasVector_I"",""hasVector_K""]"
Vector,,"[""hasVector_J"",""hasVector_I"",""hasVector_K""]"
Vector,,"[""hasVector_J"",""hasVector_I"",""hasVector_K""]"
Vector,,"[""hasVector_J"",""hasVector_I"",""hasVector_K""]"
Vector,,"[""hasVector_J"",""hasVector_I"",""hasVector_K""]"
Vector,,"[""hasVector_J"",""hasVector_I"",""hasVector_K""]"
Vector,,"[""hasVector_J"",""hasVector_I"",""hasVector_K""]"
Vector,,"[""hasVector_J"",""hasVector_I"",""hasVector_K""]"
Vector,,"[""hasVector_J"",""hasVector_I"",""hasVector_K""]"
Vector,,"[""hasVector_J"",""hasVector_I"",""hasVector_K""]"
Vector,,"[""hasVector_J"",""hasVector_I"",""hasVector_K""]"
Vector,,"[""hasVector_J"",""hasVector_I"",""hasVector_K""]"
Vector,,"[""hasVector_J"",""hasVector_I"",""hasVector_K""]"
Vector,,"[""hasVector_J"",""hasVector_I"",""hasVector_K""]"
Vector,,"[""hasVector_J"",""hasVector_I"",""hasVector_K""]"
Vector,,"[""hasVector_J"",""hasVector_I"",""hasVector_K""]"
Vector,,"[""hasVector_J"",""hasVector_I"",""hasVector_K""]"
Vector,,"[""hasVector_J"",""hasVector_I"",""hasVector_K""]"
Vector,,"[""hasVector_J"",""hasVector_I"",""hasVector_K""]"
Vector,,"[""hasVector_J"",""hasVector_I"",""hasVector_K""]"
Vector,,"[""hasVector_J"",""hasVector_I"",""hasVector_K""]"
Vector,,"[""hasVector_J"",""hasVector_I"",""hasVector_K""]"
Vector,,"[""hasVector_J"",""hasVector_I"",""hasVector_K""]"
Vector,,"[""hasVector_J"",""hasVector_I"",""hasVector_K""]"
Vector,,"[""hasVector_J"",""hasVector_I"",""hasVector_K""]"
Vector,,"[""hasVector_J"",""hasVector_I"",""hasVector_K""]"
Vector,,"[""hasVector_J"",""hasVector_I"",""hasVector_K""]"
Vector,,"[""hasVector_J"",""hasVector_I"",""hasVector_K""]"
Vector,,"[""hasVector_J"",""hasVector_I"",""hasVector_K""]"
Vector,,"[""hasVector_J"",""hasVector_I"",""hasVector_K""]"
Vector,,"[""hasVector_J"",""hasVector_I"",""hasVector_K""]"
Vector,,"[""hasVector_J"",""hasVector_I"",""hasVector_K""]"
Vector,,"[""hasVector_J"",""hasVector_I"",""hasVector_K""]"
Vector,,"[""hasVector_J"",""hasVector_I"",""hasVector_K""]"
Vector,,"[""hasVector_J"",""hasVector_I"",""hasVector_K""]"
Vector,,"[""hasVector_J"",""hasVector_I"",""hasVector_K""]"
Vector,,"[""hasVector_J"",""hasVector_I"",""hasVector_K""]"
Vector,,"[""hasVector_J"",""hasVector_I"",""hasVector_K""]"
Vector,,"[""hasVector_J"",""hasVector_I"",""hasVector_K""]"
Vector,,"[""hasVector_J"",""hasVector_I"",""hasVector_K""]"
Vector,,"[""hasVector_J"",""hasVector_I"",""hasVector_K""]"
Vector,,"[""hasVector_J"",""hasVector_I"",""hasVector_K""]"
Vector,,"[""hasVector_J"",""hasVector_I"",""hasVector_K""]"
Vector,,"[""hasVector_J"",""hasVector_I"",""hasVector_K""]"
Vector,,"[""hasVector_J"",""hasVector_I"",""hasVector_K""]"
Vector,,"[""hasVector_J"",""hasVector_I"",""hasVector_K""]"
Vector,,"[""hasVector_J"",""hasVector_I"",""hasVector_K""]"
Vector,,"[""hasVector_J"",""hasVector_I"",""hasVector_K""]"
Vector,,"[""hasVector_J"",""hasVector_I"",""hasVector_K""]"
Vector,,"[""hasVector_J"",""hasVector_I"",""hasVector_K""]"
Vector,,"[""hasVector_J"",""hasVector_I"",""hasVector_K""]"
Vector,,"[""hasVector_J"",""hasVector_I"",""hasVector_K""]"
Vector,,"[""hasVector_J"",""hasVector_I"",""hasVector_K""]"
Vector,,"[""hasVector_J"",""hasVector_I"",""hasVector_K""]"
Vector,,"[""hasVector_J"",""hasVector_I"",""hasVector_K""]"
Vector,,"[""hasVector_J"",""hasVector_I"",""hasVector_K""]"
Vector,,"[""hasVector_J"",""hasVector_I"",""hasVector_K""]"
Vector,,"[""hasVector_J"",""hasVector_I"",""hasVector_K""]"
Vector,,"[""hasVector_J"",""hasVector_I"",""hasVector_K""]"
Vector,,"[""hasVector_J"",""hasVector_I"",""hasVector_K""]"
Vector,,"[""hasVector_J"",""hasVector_I"",""hasVector_K""]"
Vector,,"[""hasVector_J"",""hasVector_I"",""hasVector_K""]"
Vector,,"[""hasVector_J"",""hasVector_I"",""hasVector_K""]"
Vector,,"[""hasVector_J"",""hasVector_I"",""hasVector_K""]"
Vector,,"[""hasVector_J"",""hasVector_I"",""hasVector_K""]"
Vector,,"[""hasVector_J"",""hasVector_I"",""hasVector_K""]"
Vector,,"[""hasVector_J"",""hasVector_I"",""hasVector_K""]"
Vector,,"[""hasVector_J"",""hasVector_I"",""hasVector_K""]"
Vector,,"[""hasVector_J"",""hasVector_I"",""hasVector_K""]"
Vector,,"[""hasVector_J"",""hasVector_I"",""hasVector_K""]"
Vector,,"[""hasVector_J"",""hasVector_I"",""hasVector_K""]"
Vector,,"[""hasVector_J"",""hasVector_I"",""hasVector_K""]"
Vector,,"[""hasVector_J"",""hasVector_I"",""hasVector_K""]"
Vector,,"[""hasVector_J"",""hasVector_I"",""hasVector_K""]"
Vector,,"[""hasVector_J"",""hasVector_I"",""hasVector_K""]"
Vector,,"[""hasVector_J"",""hasVector_I"",""hasVector_K""]"
Vector,,"[""hasVector_J"",""hasVector_I"",""hasVector_K""]"
Vector,,"[""hasVector_J"",""hasVector_I"",""hasVector_K""]"
Vector,,"[""hasVector_J"",""hasVector_I"",""hasVector_K""]"
Vector,,"[""hasVector_J"",""hasVector_I"",""hasVector_K""]"
Vector,,"[""hasVector_J"",""hasVector_I"",""hasVector_K""]"
Vector,,"[""hasVector_J"",""hasVector_I"",""hasVector_K""]"
Vector,,"[""hasVector_J"",""hasVector_I"",""hasVector_K""]"
Vector,,"[""hasVector_J"",""hasVector_I"",""hasVector_K""]"
Vector,,"[""hasVector_J"",""hasVector_I"",""hasVector_K""]"
Vector,,"[""hasVector_J"",""hasVector_I"",""hasVector_K""]"
Vector,,"[""hasVector_J"",""hasVector_I"",""hasVector_K""]"
Vector,,"[""hasVector_J"",""hasVector_I"",""hasVector_K""]"
Vector,,"[""hasVector_J"",""hasVector_I"",""hasVector_K""]"
Vector,,"[""hasVector_J"",""hasVector_I"",""hasVector_K""]"
Vector,,"[""hasVector_J"",""hasVector_I"",""hasVector_K""]"
Vector,,"[""hasVector_J"",""hasVector_I"",""hasVector_K""]"
Vector,,"[""hasVector_J"",""hasVector_I"",""hasVector_K""]"
Vector,,"[""hasVector_J"",""hasVector_I"",""hasVector_K""]"
Vector,,"[""hasVector_J"",""hasVector_I"",""hasVector_K""]"
Vector,,"[""hasVector_J"",""hasVector_I"",""hasVector_K""]"
Vector,,"[""hasVector_J"",""hasVector_I"",""hasVector_K""]"
Vector,,"[""hasVector_J"",""hasVector_I"",""hasVector_K""]"
Vector,,"[""hasVector_J"",""hasVector_I"",""hasVector_K""]"
Vector,,"[""hasVector_J"",""hasVector_I"",""hasVector_K""]"
Vector,,"[""hasVector_J"",""hasVector_I"",""hasVector_K""]"
Vector,,"[""hasVector_J"",""hasVector_I"",""hasVector_K""]"
Vector,,"[""hasVector_J"",""hasVector_I"",""hasVector_K""]"
Vector,,"[""hasVector_J"",""hasVector_I"",""hasVector_K""]"
Vector,,"[""hasVector_J"",""hasVector_I"",""hasVector_K""]"
Vector,,"[""hasVector_J"",""hasVector_I"",""hasVector_K""]"
Vector,,"[""hasVector_J"",""hasVector_I"",""hasVector_K""]"
Vector,,"[""hasVector_J"",""hasVector_I"",""hasVector_K""]"
Vector,,"[""hasVector_J"",""hasVector_I"",""hasVector_K""]"
Vector,,"[""hasVector_J"",""hasVector_I"",""hasVector_K""]"
Vector,,"[""hasVector_J"",""hasVector_I"",""hasVector_K""]"
Vector,,"[""hasVector_J"",""hasVector_I"",""hasVector_K""]"
Vector,,"[""hasVector_J"",""hasVector_I"",""hasVector_K""]"
Vector,,"[""hasVector_J"",""hasVector_I"",""hasVector_K""]"
Vector,,"[""hasVector_J"",""hasVector_I"",""hasVector_K""]"
Vector,,"[""hasVector_J"",""hasVector_I"",""hasVector_K""]"
Vector,,"[""hasVector_J"",""hasVector_I"",""hasVector_K""]"
Vector,,"[""hasVector_J"",""hasVector_I"",""hasVector_K""]"
Vector,,"[""hasVector_J"",""hasVector_I"",""hasVector_K""]"
Vector,,"[""hasVector_J"",""hasVector_I"",""hasVector_K""]"
Vector,,"[""hasVector_J"",""hasVector_I"",""hasVector_K""]"
Vector,,"[""hasVector_J"",""hasVector_I"",""hasVector_K""]"
Vector,,"[""hasVector_J"",""hasVector_I"",""hasVector_K""]"
Vector,,"[""hasVector_J"",""hasVector_I"",""hasVector_K""]"
Vector,,"[""hasVector_J"",""hasVector_I"",""hasVector_K""]"
Vector,,"[""hasVector_J"",""hasVector_I"",""hasVector_K""]"
Vector,,"[""hasVector_J"",""hasVector_I"",""hasVector_K""]"
Vector,,"[""hasVector_J"",""hasVector_I"",""hasVector_K""]"
Vector,,"[""hasVector_J"",""hasVector_I"",""hasVector_K""]"
Vector,,"[""hasVector_J"",""hasVector_I"",""hasVector_K""]"
Vector,,"[""hasVector_J"",""hasVector_I"",""hasVector_K""]"
Vector,,"[""hasVector_J"",""hasVector_I"",""hasVector_K""]"
Vector,,"[""hasVector_J"",""hasVector_I"",""hasVector_K""]"
Vector,,"[""hasVector_J"",""hasVector_I"",""hasVector_K""]"
Vector,,"[""hasVector_J"",""hasVector_I"",""hasVector_K""]"
Vector,,"[""hasVector_J"",""hasVector_I"",""hasVector_K""]"
Vector,,"[""hasVector_J"",""hasVector_I"",""hasVector_K""]"
Vector,,"[""hasVector_J"",""hasVector_I"",""hasVector_K""]"
Vector,,"[""hasVector_J"",""hasVector_I"",""hasVector_K""]"
Vector,,"[""hasVector_J"",""hasVector_I"",""hasVector_K""]"
Vector,,"[""hasVector_J"",""hasVector_I"",""hasVector_K""]"
Vector,,"[""hasVector_J"",""hasVector_I"",""hasVector_K""]"
Vector,,"[""hasVector_J"",""hasVector_I"",""hasVector_K""]"
Vector,,"[""hasVector_J"",""hasVector_I"",""hasVector_K""]"
Vector,,"[""hasVector_J"",""hasVector_I"",""hasVector_K""]"
Vector,,"[""hasVector_J"",""hasVector_I"",""hasVector_K""]"
Vector,,"[""hasVector_J"",""hasVector_I"",""hasVector_K""]"
Vector,,"[""hasVector_J"",""hasVector_I"",""hasVector_K""]"
Vector,,"[""hasVector_J"",""hasVector_I"",""hasVector_K""]"
Vector,,"[""hasVector_J"",""hasVector_I"",""hasVector_K""]"
Vector,,"[""hasVector_J"",""hasVector_I"",""hasVector_K""]"
Vector,,"[""hasVector_J"",""hasVector_I"",""hasVector_K""]"
Vector,,"[""hasVector_J"",""hasVector_I"",""hasVector_K""]"
Vector,,"[""hasVector_J"",""hasVector_I"",""hasVector_K""]"
Vector,,"[""hasVector_J"",""hasVector_I"",""hasVector_K""]"
Vector,,"[""hasVector_J"",""hasVector_I"",""hasVector_K""]"
Vector,,"[""hasVector_J"",""hasVector_I"",""hasVector_K""]"
Vector,,"[""hasVector_J"",""hasVector_I"",""hasVector_K""]"
Vector,,"[""hasVector_J"",""hasVector_I"",""hasVector_K""]"
Vector,,"[""hasVector_J"",""hasVector_I"",""hasVector_K""]"
Vector,,"[""hasVector_J"",""hasVector_I"",""hasVector_K""]"
Vector,,"[""hasVector_J"",""hasVector_I"",""hasVector_K""]"
Vector,,"[""hasVector_J"",""hasVector_I"",""hasVector_K""]"
Vector,,"[""hasVector_J"",""hasVector_I"",""hasVector_K""]"
Vector,,"[""hasVector_J"",""hasVector_I"",""hasVector_K""]"
Vector,,"[""hasVector_J"",""hasVector_I"",""hasVector_K""]"
Vector,,"[""hasVector_J"",""hasVector_I"",""hasVector_K""]"
Vector,,"[""hasVector_J"",""hasVector_I"",""hasVector_K""]"
Vector,,"[""hasVector_J"",""hasVector_I"",""hasVector_K""]"
Vector,,"[""hasVector_J"",""hasVector_I"",""hasVector_K""]"
Vector,,"[""hasVector_J"",""hasVector_I"",""hasVector_K""]"
Vector,,"[""hasVector_J"",""hasVector_I"",""hasVector_K""]"
Vector,,"[""hasVector_J"",""hasVector_I"",""hasVector_K""]"
Vector,,"[""hasVector_J"",""hasVector_I"",""hasVector_K""]"
Vector,,"[""hasVector_J"",""hasVector_I"",""hasVector_K""]"
Vector,,"[""hasVector_J"",""hasVector_I"",""hasVector_K""]"
Vector,,"[""hasVector_J"",""hasVector_I"",""hasVector_K""]"
Vector,,"[""hasVector_J"",""hasVector_I"",""hasVector_K""]"
Vector,,"[""hasVector_J"",""hasVector_I"",""hasVector_K""]"
Vector,,"[""hasVector_J"",""hasVector_I"",""hasVector_K""]"
Vector,,"[""hasVector_J"",""hasVector_I"",""hasVector_K""]"
Vector,,"[""hasVector_J"",""hasVector_I"",""hasVector_K""]"
Vector,,"[""hasVector_J"",""hasVector_I"",""hasVector_K""]"
Vector,,"[""hasVector_J"",""hasVector_I"",""hasVector_K""]"
Vector,,"[""hasVector_J"",""hasVector_I"",""hasVector_K""]"
Vector,,"[""hasVector_J"",""hasVector_I"",""hasVector_K""]"
Vector,,"[""hasVector_J"",""hasVector_I"",""hasVector_K""]"
Vector,,"[""hasVector_J"",""hasVector_I"",""hasVector_K""]"
Vector,,"[""hasVector_J"",""hasVector_I"",""hasVector_K""]"
Vector,,"[""hasVector_J"",""hasVector_I"",""hasVector_K""]"
Vector,,"[""hasVector_J"",""hasVector_I"",""hasVector_K""]"
Vector,,"[""hasVector_J"",""hasVector_I"",""hasVector_K""]"
Vector,,"[""hasVector_J"",""hasVector_I"",""hasVector_K""]"
Vector,,"[""hasVector_J"",""hasVector_I"",""hasVector_K""]"
Vector,,"[""hasVector_J"",""hasVector_I"",""hasVector_K""]"
Vector,,"[""hasVector_J"",""hasVector_I"",""hasVector_K""]"
Vector,,"[""hasVector_J"",""hasVector_I"",""hasVector_K""]"
Vector,,"[""hasVector_J"",""hasVector_I"",""hasVector_K""]"
Vector,,"[""hasVector_J"",""hasVector_I"",""hasVector_K""]"
Vector,,"[""hasVector_J"",""hasVector_I"",""hasVector_K""]"
Vector,,"[""hasVector_J"",""hasVector_I"",""hasVector_K""]"
Vector,,"[""hasVector_J"",""hasVector_I"",""hasVector_K""]"
Vector,,"[""hasVector_J"",""hasVector_I"",""hasVector_K""]"
Vector,,"[""hasVector_J"",""hasVector_I"",""hasVector_K""]"
Vector,,"[""hasVector_J"",""hasVector_I"",""hasVector_K""]"
Vector,,"[""hasVector_J"",""hasVector_I"",""hasVector_K""]"
Vector,,"[""hasVector_J"",""hasVector_I"",""hasVector_K""]"
Vector,,"[""hasVector_J"",""hasVector_I"",""hasVector_K""]"
Vector,,"[""hasVector_J"",""hasVector_I"",""hasVector_K""]"
Vector,,"[""hasVector_J"",""hasVector_I"",""hasVector_K""]"
Vector,,"[""hasVector_J"",""hasVector_I"",""hasVector_K""]"
Vector,,"[""hasVector_J"",""hasVector_I"",""hasVector_K""]"
Vector,,"[""hasVector_J"",""hasVector_I"",""hasVector_K""]"
Vector,,"[""hasVector_J"",""hasVector_I"",""hasVector_K""]"
Vector,,"[""hasVector_J"",""hasVector_I"",""hasVector_K""]"
Vector,,"[""hasVector_J"",""hasVector_I"",""hasVector_K""]"
Vector,,"[""hasVector_J"",""hasVector_I"",""hasVector_K""]"
Vector,,"[""hasVector_J"",""hasVector_I"",""hasVector_K""]"
Vector,,"[""hasVector_J"",""hasVector_I"",""hasVector_K""]"
Vector,,"[""hasVector_J"",""hasVector_I"",""hasVector_K""]"
Vector,,"[""hasVector_J"",""hasVector_I"",""hasVector_K""]"
Vector,,"[""hasVector_J"",""hasVector_I"",""hasVector_K""]"
Vector,,"[""hasVector_J"",""hasVector_I"",""hasVector_K""]"
Vector,,"[""hasVector_J"",""hasVector_I"",""hasVector_K""]"
Vector,,"[""hasVector_J"",""hasVector_I"",""hasVector_K""]"
Vector,,"[""hasVector_J"",""hasVector_I"",""hasVector_K""]"
Vector,,"[""hasVector_J"",""hasVector_I"",""hasVector_K""]"
Vector,,"[""hasVector_J"",""hasVector_I"",""hasVector_K""]"
Vector,,"[""hasVector_J"",""hasVector_I"",""hasVector_K""]"
Vector,,"[""hasVector_J"",""hasVector_I"",""hasVector_K""]"
Vector,,"[""hasVector_J"",""hasVector_I"",""hasVector_K""]"
Vector,,"[""hasVector_J"",""hasVector_I"",""hasVector_K""]"
Vector,,"[""hasVector_J"",""hasVector_I"",""hasVector_K""]"
Vector,,"[""hasVector_J"",""hasVector_I"",""hasVector_K""]"
Vector,,"[""hasVector_J"",""hasVector_I"",""hasVector_K""]"
Vector,,"[""hasVector_J"",""hasVector_I"",""hasVector_K""]"
Vector,,"[""hasVector_J"",""hasVector_I"",""hasVector_K""]"
Vector,,"[""hasVector_J"",""hasVector_I"",""hasVector_K""]"
Vector,,"[""hasVector_J"",""hasVector_I"",""hasVector_K""]"
Vector,,"[""hasVector_J"",""hasVector_I"",""hasVector_K""]"
Vector,,"[""hasVector_J"",""hasVector_I"",""hasVector_K""]"
Vector,,"[""hasVector_J"",""hasVector_I"",""hasVector_K""]"
Vector,,"[""hasVector_J"",""hasVector_I"",""hasVector_K""]"
Vector,,"[""hasVector_J"",""hasVector_I"",""hasVector_K""]"
Vector,,"[""hasVector_J"",""hasVector_I"",""hasVector_K""]"
Vector,,"[""hasVector_J"",""hasVector_I"",""hasVector_K""]"
Vector,,"[""hasVector_J"",""hasVector_I"",""hasVector_K""]"
Vector,,"[""hasVector_J"",""hasVector_I"",""hasVector_K""]"
Vector,offset_part_gripper_x_axis,"[""hasVector_K"",""hasVector_J"",""type"",""hasVector_I"",""name""]"
Vector,x_axis_kit_m2l1_vessel_mg_2,"[""hasVector_K"",""hasVector_J"",""type"",""hasVector_I"",""name""]"
Vector,medium_gear_vessel_1_x_axis,"[""hasVector_K"",""hasVector_J"",""type"",""hasVector_I"",""name""]"
Vector,x_axis_part_medium_gear_vessel_mg_3,"[""hasVector_K"",""hasVector_J"",""type"",""hasVector_I"",""name""]"
Vector,kit_m2l1_x_axis_1,"[""hasVector_K"",""hasVector_J"",""type"",""hasVector_I"",""name""]"
Vector,part_medium_gear_1_x_axis,"[""hasVector_K"",""hasVector_J"",""type"",""hasVector_I"",""name""]"
Vector,part_medium_gear_2_z_axis,"[""hasVector_K"",""hasVector_J"",""type"",""hasVector_I"",""name""]"
Vector,part_gripper_z_axis,"[""hasVector_K"",""hasVector_J"",""type"",""hasVector_I"",""name""]"
Vector,kit_m2l1_z_axis_2,"[""hasVector_K"",""hasVector_J"",""type"",""hasVector_I"",""name""]"
Vector,fanuc_cart_z_axis,"[""hasVector_J"",""hasVector_I"",""hasVector_K"",""name"",""type""]"
Vector,z_axis_kit_m2l1_vessel_mg_1,"[""hasVector_K"",""hasVector_J"",""type"",""hasVector_I"",""name""]"
Vector,robot_z_axis,"[""hasVector_J"",""hasVector_I"",""hasVector_K"",""name"",""type""]"
WorkTable,fanuc_cart,"[""name"",""type""]"
owl:Thing,owl:Thing,"[""name""]"